,racecourse,disttext,raceclass,count
4201,58,1m 141yds,6,425
4299,58,7f 32yds,6,350
4279,58,5f 216yds,6,316
4208,58,1m1f 103yds,6,301
2200,30,1m2f,6,297
4298,58,7f 32yds,5,289
2318,30,6f,6,283
4200,58,1m 141yds,5,273
4228,58,1m4f 50yds,6,272
2337,30,7f,6,262
3459,47,1m,6,251
4272,58,5f 20yds,6,242
1933,27,1m,6,236
3577,47,6f,6,236
4278,58,5f 216yds,5,231
4207,58,1m1f 103yds,5,229
2175,30,1m,5,228
2199,30,1m2f,5,221
4227,58,1m4f 50yds,5,208
3590,47,7f,6,202
2317,30,6f,5,197
2336,30,7f,5,195
2176,30,1m,6,190
2036,27,6f,6,189
2046,27,7f,6,168
3487,47,1m4f,6,163
1838,25,2m 110yds,4,161
1932,27,1m,5,161
3458,47,1m,5,159
4092,56,2m,4,157
2045,27,7f,5,154
3429,46,2m4f,4,153
1382,19,2m2f 110yds,4,151
3576,47,6f,5,150
1968,27,1m4f,6,148
3830,53,2m,4,147
2224,30,1m4f,5,146
3831,53,2m,5,144
3843,53,2m4f 110yds,4,141
4271,58,5f 20yds,5,141
4234,58,1m5f 194yds,6,140
3564,47,5f,6,139
3791,52,2m,4,139
2300,30,5f,5,130
2044,27,7f,4,129
2035,27,6f,5,128
3589,47,7f,5,127
247,3,2m1f,4,126
1982,27,2m,4,125
3418,46,2m1f,4,125
1931,27,1m,4,123
2225,30,1m4f,6,122
3464,47,1m,F,120
3867,53,3m,4,118
3486,47,1m4f,5,115
3508,47,2m,4,112
4318,59,2m4f,4,112
4303,59,2m,5,111
2996,39,2m4f 110yds,4,110
3039,40,2m5f,4,110
2301,30,5f,6,109
4110,56,2m6f,4,109
1949,27,1m2f,6,106
1808,24,2m 110yds,4,104
2402,32,2m,4,104
4152,57,1m 67yds,5,104
1393,19,2m4f,4,102
3018,40,2m,5,100
3059,41,1m2f 6yds,5,100
3600,48,2m 110yds,4,100
2034,27,6f,4,99
2335,30,7f,4,98
2987,39,2m 110yds,4,98
2864,37,2m1f,4,97
474,6,7f 214yds,6,96
3473,47,1m3f,5,95
3652,49,2m1f,4,94
3563,47,5f,5,93
4199,58,1m 141yds,4,93
4206,58,1m1f 103yds,4,93
3421,46,2m1f,E,92
1817,24,2m4f 110yds,4,91
4248,58,2m 119yds,6,91
1850,25,2m4f 110yds,4,90
4302,59,2m,4,90
2174,30,1m,4,88
3017,40,2m,4,88
4233,58,1m5f 194yds,5,88
3474,47,1m3f,6,87
400,5,5f,5,86
907,13,2m1f,4,86
924,13,2m3f,4,86
1907,26,2m6f 110yds,4,85
1948,27,1m2f,5,85
2316,30,6f,4,85
1880,26,2m 110yds,4,84
3666,49,2m3f 110yds,4,84
4297,58,7f 32yds,4,84
1394,19,2m4f,5,83
3441,46,2m5f 110yds,E,83
3844,53,2m4f 110yds,5,83
4181,57,6f,5,83
348,4,5f 161yds,5,82
424,6,1m1f 209yds,6,82
464,6,6f 209yds,6,82
2438,33,2m1f,4,82
4220,58,1m4f,F,81
3932,54,2m,4,79
3007,39,3m 110yds,4,78
4097,56,2m,E,78
748,11,1m 14yds,5,77
2418,32,2m5f,4,77
2708,35,2m,4,77
2874,37,2m3f,4,77
3528,47,2m4f 110yds,4,77
317,4,1m 5yds,5,76
1406,19,2m6f 110yds,4,76
1984,27,2m,6,76
2889,37,2m6f,4,76
3079,41,1m 4yds,5,76
4128,57,1m2f 7yds,5,76
412,5,7f 100yds,5,75
621,9,1m3f 214yds,6,75
4193,58,1m 100yds,F,75
663,9,5f,6,74
1582,21,6f 5yds,5,74
2089,29,1m1f 218yds,5,74
3499,47,1m6f,6,74
3582,47,6f,F,74
3835,53,2m,E,74
4479,61,7f 3yds,5,74
2344,30,7f,F,73
4141,57,1m3f 135yds,5,73
4226,58,1m4f 50yds,4,73
4277,58,5f 216yds,4,73
434,6,1m3f 196yds,6,72
3457,47,1m,4,72
3509,47,2m,5,72
3599,48,2m 110yds,3,72
4319,59,2m4f,5,72
463,6,6f 209yds,5,71
798,11,2m4f,4,71
2198,30,1m2f,4,71
2257,30,2m,6,71
2342,30,7f,D,71
516,7,2m1f,4,70
1768,23,2m1f,4,70
2343,30,7f,E,70
3706,50,2m,4,70
4307,59,2m,E,70
263,3,2m4f,4,69
774,11,2m 110yds,4,69
4151,57,1m 67yds,4,69
4209,58,1m1f 103yds,7,69
4214,58,1m1f 79yds,F,69
1573,21,5f 4yds,6,68
2207,30,1m2f,F,68
3783,51,7f,5,68
4270,58,5f 20yds,4,68
367,5,1m1f 207yds,5,67
531,7,2m4f,4,67
678,9,7f,6,67
1961,27,1m3f,6,67
3463,47,1m,E,67
1809,24,2m 110yds,5,66
2732,35,2m4f,4,66
3419,46,2m1f,5,66
1844,25,2m 110yds,E,65
1967,27,1m4f,5,65
1983,27,2m,5,65
2205,30,1m2f,D,65
2443,33,2m1f 110yds,4,65
3792,52,2m,5,65
4291,58,7f,F,65
1187,15,5f,6,64
1781,23,2m3f 110yds,E,64
2124,29,2m,4,64
2256,30,2m,5,64
2325,30,6f,F,64
2456,33,2m3f,4,64
2875,37,2m3f,5,64
3141,42,1m2f,5,64
166,2,2m,4,63
3595,47,7f,F,63
4264,58,5f,F,63
620,9,1m3f 214yds,5,62
1387,19,2m2f 110yds,E,62
2206,30,1m2f,E,62
1523,21,1m1f 36yds,5,61
1583,21,6f 5yds,6,61
1785,23,2m4f,4,61
1858,25,2m5f 110yds,4,61
2238,30,1m5f,5,61
3178,42,6f,6,61
3580,47,6f,D,61
292,4,1m2f 46yds,6,60
596,8,2m1f 110yds,5,60
4211,58,1m1f 79yds,D,60
4300,58,7f 32yds,7,60
4322,59,2m4f,E,60
4436,61,1m 3yds,6,60
445,6,5f 213yds,6,59
648,9,2m3f,4,59
2024,27,5f,5,59
2173,30,1m,3,59
3043,40,2m5f,E,59
1,1,1m,1,58
455,6,5f 59yds,6,58
951,13,2m7f 110yds,4,58
2180,30,1m,D,58
2223,30,1m4f,4,58
1966,27,1m4f,4,57
2676,35,1m2f 32yds,5,57
3575,47,6f,4,57
4039,55,2m 110yds,4,57
4202,58,1m 141yds,7,57
4470,61,6f 3yds,5,57
809,11,3m,4,56
1407,19,2m6f 110yds,5,56
1934,27,1m,7,56
3492,47,1m4f,F,56
3529,47,2m4f 110yds,5,56
4046,55,2m4f,4,56
4471,61,6f 3yds,6,56
1161,15,2m4f,4,55
2533,34,1m2f 6yds,5,55
3188,42,7f,5,55
3299,44,6f,5,55
3460,47,1m,7,55
3498,47,1m6f,5,55
3515,47,2m,F,55
3545,47,3m 110yds,4,55
3603,48,2m 110yds,D,55
4435,61,1m 3yds,5,55
291,4,1m2f 46yds,5,54
595,8,2m1f 110yds,4,54
2181,30,1m,E,54
3021,40,2m,E,54
3588,47,7f,4,54
3775,51,6f,5,54
3849,53,2m4f 110yds,E,54
4127,57,1m2f 7yds,4,54
4335,59,3m,4,54
1812,24,2m 110yds,E,53
1869,25,3m2f,4,53
4285,58,6f,F,53
1640,22,1m3f 200yds,5,52
1769,23,2m1f,5,52
1885,26,2m 110yds,E,52
1960,27,1m3f,5,52
2460,33,2m3f 110yds,4,52
2865,37,2m1f,5,52
4191,58,1m 100yds,D,52
252,3,2m1f,E,51
1145,15,2m,4,51
1198,15,7f 30yds,5,51
1259,17,2m,4,51
1383,19,2m2f 110yds,5,51
1821,24,2m4f 110yds,E,51
2037,27,6f,7,51
2144,29,5f 218yds,5,51
2576,34,2m 110yds,3,51
3803,52,2m3f 110yds,4,51
3868,53,3m,5,51
3965,54,2m5f,4,51
4115,56,2m6f,E,51
4416,61,1m2f 21yds,6,51
238,2,7f 50yds,5,50
606,8,2m6f,4,50
1771,23,2m1f,E,50
2780,35,7f,5,50
2890,37,2m6f,5,50
3581,47,6f,E,50
3613,48,2m3f,4,50
3742,51,1m,5,50
4284,58,6f,E,50
4392,60,6f,4,50
401,5,5f,6,49
423,6,1m1f 209yds,5,49
2001,27,2m5f,4,49
2229,30,1m4f,D,49
2406,32,2m,E,49
3656,49,2m1f,E,49
3804,52,2m3f 110yds,5,49
4091,56,2m,3,49
4180,57,6f,4,49
17,1,1m4f,1,48
1185,15,5f,4,48
1199,15,7f 30yds,6,48
1260,17,2m,5,48
1627,22,1m 30yds,5,48
2196,30,1m2f,2,48
2894,37,2m6f,E,48
2964,38,5f 13yds,5,48
4252,58,2m 46yds,F,48
225,2,6f,5,47
433,6,1m3f 196yds,5,47
834,11,7f 16yds,5,47
1896,26,2m2f,4,47
2047,27,7f,7,47
2255,30,2m,4,47
2299,30,5f,4,47
2868,37,2m1f,D,47
3210,43,1m1f 170yds,4,47
3309,44,6f 212yds,5,47
3510,47,2m,6,47
3591,47,7f,7,47
3628,48,2m6f 110yds,4,47
4034,55,2m,E,47
4156,57,1m 67yds,D,47
677,9,7f,5,46
911,13,2m1f,E,46
1317,18,2m1f 110yds,4,46
2334,30,7f,3,46
2425,32,3m,4,46
2475,33,2m5f,4,46
3430,46,2m4f,5,46
3795,52,2m,E,46
4218,58,1m4f,D,46
4328,59,2m7f,4,46
339,4,5f 11yds,6,45
454,6,5f 59yds,5,45
1409,19,2m6f 110yds,E,45
1514,20,7f,4,45
1559,21,1m 65yds,5,45
1959,27,1m3f,4,45
2322,30,6f,D,45
2422,32,2m5f,E,45
2448,33,2m1f 110yds,E,45
3546,47,3m 110yds,5,45
3562,47,5f,4,45
3578,47,6f,7,45
3724,50,3m,4,45
4056,55,2m4f 110yds,D,45
4212,58,1m1f 79yds,E,45
4347,60,1m,5,45
4534,62,1m4f,4,45
349,4,5f 161yds,6,44
368,5,1m1f 207yds,6,44
775,11,2m 110yds,5,44
981,14,1m2f 60yds,4,44
1291,18,1m1f 149yds,5,44
1981,27,2m,3,44
2097,29,1m3f 183yds,5,44
2197,30,1m2f,3,44
2401,32,2m,3,44
2869,37,2m1f,E,44
2923,38,1m2f 50yds,6,44
3156,42,1m6f 19yds,6,44
3177,42,6f,5,44
3514,47,2m,E,44
3858,53,2m6f 110yds,4,44
4192,58,1m 100yds,E,44
4280,58,5f 216yds,7,44
4290,58,7f,E,44
473,6,7f 214yds,5,43
1012,14,2m 110yds,4,43
1572,21,5f 4yds,5,43
1911,26,2m6f 110yds,E,43
2132,29,2m4f 110yds,4,43
3022,40,2m,F,43
3678,49,3m 110yds,4,43
3809,52,2m5f,4,43
4194,58,1m 100yds,G,43
4232,58,1m5f 194yds,4,43
29,1,2m,2,42
98,1,7f,2,42
757,11,1m2f 36yds,5,42
768,11,1m4f 23yds,6,42
1151,15,2m,E,42
1818,24,2m4f 110yds,5,42
2333,30,7f,2,42
3266,44,1m1f 198yds,5,42
3631,48,2m6f 110yds,D,42
4221,58,1m4f,G,42
347,4,5f 161yds,4,41
519,7,2m1f,E,41
649,9,2m3f,5,41
668,9,5f 212yds,5,41
808,11,3m,3,41
1144,15,2m,3,41
1445,20,1m1f 192yds,1,41
1947,27,1m2f,4,41
2161,29,7f 9yds,4,41
2182,30,1m,F,41
2315,30,6f,3,41
3114,41,6f,5,41
4080,55,3m1f,4,41
4247,58,2m 119yds,5,41
444,6,5f 213yds,5,40
676,9,7f,4,40
1186,15,5f,5,40
1528,21,1m1f 36yds,E,40
1740,22,6f,4,40
1827,24,3m,4,40
1979,27,2m,1,40
2162,29,7f 9yds,5,40
2195,30,1m2f,1,40
2893,37,2m6f,D,40
2995,39,2m4f 110yds,3,40
3069,41,1m4f 8yds,5,40
3105,41,5f,5,40
3331,45,1m2f 7yds,1,40
3334,45,1m2f 7yds,4,40
3479,47,1m3f,F,40
3594,47,7f,E,40
4040,55,2m 110yds,5,40
4329,59,2m7f,5,40
4357,60,1m2f,5,40
4480,61,7f 3yds,6,40
239,2,7f 50yds,6,39
270,3,2m4f 110yds,4,39
970,14,1m,4,39
1096,15,1m,6,39
1906,26,2m6f 110yds,3,39
2208,30,1m2f,G,39
2464,33,2m3f 110yds,D,39
2484,33,2m6f,4,39
2677,35,1m2f 32yds,6,39
2714,35,2m,E,39
2997,39,2m4f 110yds,5,39
3221,43,1m4f 10yds,5,39
4018,54,7f 26yds,5,39
4246,58,2m 119yds,4,39
4296,58,7f 32yds,3,39
584,7,7f 200yds,4,38
640,9,2m,4,38
926,13,2m3f,D,38
1622,22,1m2f 95yds,5,38
2239,30,1m5f,6,38
2417,32,2m5f,3,38
2787,36,1m,1,38
2870,37,2m1f,F,38
2915,38,1m1f 213yds,E,38
2954,38,1m 75yds,5,38
3237,43,5f,5,38
3318,45,1m 14yds,4,38
3569,47,5f,F,38
3651,49,2m1f,3,38
3714,50,2m4f,4,38
3898,54,1m2f 188yds,6,38
4445,61,1m6f 17yds,5,38
4587,62,6f,2,38
266,3,2m4f,E,37
356,5,1m 100yds,4,37
357,5,1m 100yds,5,37
429,6,1m1f 209yds,F,37
437,6,1m3f 196yds,E,37
669,9,5f 212yds,6,37
993,14,1m4f,5,37
2230,30,1m4f,E,37
2757,35,5f,6,37
2873,37,2m3f,3,37
3112,41,6f,3,37
3168,42,5f,5,37
3490,47,1m4f,D,37
3565,47,5f,7,37
3765,51,5f,4,37
4096,56,2m,D,37
4198,58,1m 141yds,3,37
4273,58,5f 20yds,7,37
110,2,1m,6,36
358,5,1m 100yds,6,36
641,9,2m,5,36
844,12,1m2f 75yds,4,36
992,14,1m4f,4,36
1281,17,2m7f 110yds,4,36
1839,25,2m 110yds,5,36
1849,25,2m4f 110yds,3,36
2214,30,1m3f 106yds,5,36
2306,30,5f,E,36
2447,33,2m1f 110yds,D,36
2965,38,5f 13yds,6,36
3465,47,1m,G,36
3596,47,7f,G,36
3752,51,1m4f,5,36
4028,55,2m,4,36
4133,57,1m2f 7yds,D,36
4289,58,7f,D,36
4355,60,1m2f,3,36
4391,60,6f,3,36
4510,62,1m2f 88yds,1,36
18,1,1m4f,2,35
366,5,1m1f 207yds,4,35
585,7,7f 200yds,5,35
655,9,3m1f 110yds,4,35
688,10,2m 110yds,1,35
707,10,2m4f 110yds,2,35
799,11,2m4f,5,35
803,11,2m4f,D,35
946,13,2m6f 110yds,E,35
1264,17,2m,G,35
1399,19,2m4f,E,35
1423,20,1m,1,35
1930,27,1m,3,35
2025,27,5f,6,35
2172,30,1m,2,35
2378,31,2m4f,1,35
2769,35,6f,6,35
3063,41,1m2f 6yds,E,35
3423,46,2m1f,G,35
3437,46,2m5f 110yds,4,35
3583,47,6f,G,35
3655,49,2m1f,D,35
4229,58,1m4f 50yds,7,35
4415,61,1m2f 21yds,5,35
4427,61,1m3f 101yds,6,35
484,7,1m1f 61yds,5,34
534,7,2m4f,E,34
767,11,1m4f 23yds,5,34
835,11,7f 16yds,6,34
1271,17,2m4f,5,34
1349,18,5f,5,34
2026,27,5f,7,34
2088,29,1m1f 218yds,4,34
2222,30,1m4f,3,34
2314,30,6f,2,34
2323,30,6f,E,34
2922,38,1m2f 50yds,5,34
2990,39,2m 110yds,D,34
3000,39,2m4f 110yds,E,34
3244,43,6f,3,34
3342,45,1m6f,4,34
3480,47,1m3f,G,34
3665,49,2m3f 110yds,3,34
3679,49,3m 110yds,5,34
4105,56,2m5f,4,34
4336,59,3m,5,34
28,1,2m,1,33
257,3,2m1f 110yds,4,33
300,4,1m3f 144yds,5,33
749,11,1m 14yds,6,33
1083,14,7f,4,33
1227,16,1m4f 10yds,4,33
1358,18,6f,5,33
1376,19,2m2f,4,33
1501,20,6f,2,33
1560,21,1m 65yds,6,33
1674,22,2m,D,33
1828,24,3m,5,33
1950,27,1m2f,7,33
2543,34,1m3f 5yds,5,33
2991,39,2m 110yds,E,33
3048,40,3m1f 110yds,5,33
3397,45,5f 6yds,4,33
4362,60,1m4f,1,33
30,1,2m,3,32
372,5,1m1f 207yds,E,32
382,5,1m4f 16yds,6,32
398,5,5f,3,32
635,9,1m7f 177yds,6,32
725,10,3m,2,32
828,11,6f 16yds,6,32
1084,14,7f,5,32
1270,17,2m4f,4,32
1320,18,2m1f 110yds,E,32
1369,18,7f,5,32
1403,19,2m6f,4,32
1439,20,1m1f,5,32
1980,27,2m,2,32
2092,29,1m1f 218yds,D,32
2861,37,2m 110yds,4,32
2999,39,2m4f 110yds,D,32
3123,42,1m,4,32
3355,45,2m 110yds,4,32
3462,47,1m,D,32
3609,48,2m1f 110yds,4,32
4205,58,1m1f 103yds,3,32
4292,58,7f,G,32
2,1,1m,2,31
181,2,2m4f,4,31
215,2,5f,6,31
804,11,2m4f,E,31
927,13,2m3f,E,31
2023,27,5f,4,31
2123,29,2m,3,31
2532,34,1m2f 6yds,4,31
2796,36,1m1f,1,31
3011,39,3m 110yds,E,31
3214,43,1m2f,D,31
3604,48,2m 110yds,E,31
3670,49,2m3f 110yds,E,31
4017,54,7f 26yds,4,31
4038,55,2m 110yds,3,31
4283,58,6f,D,31
526,7,2m3f 110yds,4,30
574,7,6f 192yds,5,30
607,8,2m6f,5,30
758,11,1m2f 36yds,6,30
1033,14,2m3f 110yds,4,30
1146,15,2m,5,30
1359,18,6f,6,30
1426,20,1m,4,30
1512,20,7f,2,30
1587,21,6f 5yds,E,30
1593,22,1m,5,30
2351,30,7f 140yds,6,30
2548,34,1m4f 5yds,1,30
2695,35,1m4f 93yds,6,30
2810,36,1m4f,1,30
3053,40,3m2f,4,30
3782,51,7f,4,30
3839,53,2m4f,4,30
3882,54,1m 22yds,5,30
3975,54,3m1f,4,30
4027,55,2m,3,30
4051,55,2m4f 110yds,3,30
4157,57,1m 67yds,E,30
4340,59,3m,E,30
4346,60,1m,4,30
4511,62,1m2f 88yds,2,30
132,2,1m2f,5,29
148,2,1m5f 13yds,5,29
180,2,2m4f,3,29
275,3,3m,3,29
276,3,3m,4,29
417,5,7f 100yds,E,29
467,6,6f 209yds,E,29
634,9,1m7f 177yds,5,29
714,10,2m5f,3,29
1072,14,6f,3,29
1074,14,6f,5,29
1106,15,1m1f,5,29
1219,16,1m2f 18yds,5,29
1300,18,1m4f,5,29
1511,20,7f,1,29
1531,21,1m3f 16yds,6,29
1663,22,1m6f,D,29
1786,23,2m4f,5,29
2000,27,2m5f,3,29
2221,30,1m4f,2,29
2260,30,2m,E,29
2265,30,2m 110yds,4,29
2601,34,2m5f,3,29
2737,35,2m4f,E,29
2747,35,3m,5,29
2812,36,1m4f,3,29
3142,42,1m2f,6,29
3438,46,2m5f 110yds,5,29
3629,48,2m6f 110yds,5,29
3848,53,2m4f 110yds,D,29
4197,58,1m 141yds,2,29
4358,60,1m2f,C,29
4434,61,1m 3yds,4,29
4483,61,7f 3yds,D,29
301,4,1m3f 144yds,6,28
438,6,1m3f 196yds,F,28
568,7,5f 193yds,6,28
1003,14,1m6f 132yds,4,28
1147,15,2m,6,28
1400,19,2m4f,F,28
1502,20,6f,3,28
1503,20,6f,4,28
1530,21,1m3f 16yds,5,28
1625,22,1m 30yds,3,28
1963,27,1m4f,1,28
2305,30,5f,D,28
2424,32,3m,3,28
2492,33,2m6f 110yds,3,28
2493,33,2m6f 110yds,4,28
2552,34,1m4f 5yds,5,28
2577,34,2m 110yds,4,28
2733,35,2m4f,5,28
2901,37,3m3f,4,28
2974,38,6f 15yds,6,28
3255,44,1m,5,28
3289,44,1m6f 21yds,5,28
3491,47,1m4f,E,28
3751,51,1m4f,4,28
4033,55,2m,D,28
4140,57,1m3f 135yds,4,28
4186,57,6f,D,28
4263,58,5f,E,28
4341,59,3m,F,28
4463,61,5f 43yds,6,28
109,2,1m,5,27
124,2,1m1f 20yds,6,27
309,4,1m5f 22yds,5,27
371,5,1m1f 207yds,D,27
712,10,2m5f,1,27
810,11,3m,5,27
925,13,2m3f,5,27
990,14,1m4f,2,27
1135,15,1m6f,5,27
1160,15,2m4f,3,27
1252,16,7f,4,27
1604,22,1m2f 120yds,5,27
1800,23,3m2f,E,27
1837,25,2m 110yds,3,27
1854,25,2m4f 110yds,D,27
2228,30,1m4f,C,27
2381,31,2m4f,4,27
2390,31,3m 110yds,1,27
2450,33,2m1f 110yds,G,27
2465,33,2m3f 110yds,E,27
2789,36,1m,3,27
2800,36,1m2f,1,27
2973,38,6f 15yds,5,27
2986,39,2m 110yds,3,27
3040,40,2m5f,5,27
3199,43,1m,5,27
3354,45,2m 110yds,3,27
3503,47,1m6f,F,27
3561,47,5f,3,27
3713,50,2m4f,3,27
4109,56,2m6f,3,27
4171,57,5f 10yds,5,27
4225,58,1m4f 50yds,3,27
4275,58,5f 216yds,2,27
4276,58,5f 216yds,3,27
4323,59,2m4f,F,27
4383,60,5f,3,27
4398,60,7f,2,27
4532,62,1m4f,2,27
72,1,3m,3,26
108,2,1m,4,26
131,2,1m2f,4,26
246,3,2m1f,3,26
310,4,1m5f 22yds,6,26
381,5,1m4f 16yds,5,26
628,9,1m5f 175yds,6,26
667,9,5f 212yds,4,26
778,11,2m 110yds,D,26
793,11,2m 49yds,6,26
821,11,5f 16yds,6,26
982,14,1m2f 60yds,5,26
985,14,1m2f 60yds,C,26
1197,15,7f 30yds,4,26
1217,16,1m2f 18yds,3,26
1669,22,2m,3,26
1741,22,6f,5,26
1798,23,3m2f,5,26
1845,25,2m 110yds,F,26
1873,25,3m2f,E,26
2131,29,2m4f 110yds,3,26
2380,31,2m4f,3,26
2408,32,2m,G,26
2675,35,1m2f 32yds,4,26
2687,35,1m 3yds,5,26
2768,35,6f,5,26
2840,36,6f,1,26
3209,43,1m1f 170yds,3,26
3352,45,2m 110yds,1,26
3413,46,2m 110yds,4,26
3475,47,1m3f,7,26
3593,47,7f,D,26
3601,48,2m 110yds,5,26
3741,51,1m,4,26
4052,55,2m4f 110yds,4,26
4101,56,2m4f,4,26
4238,58,1m6f 166yds,F,26
5,1,1m,A,25
89,1,6f,1,25
248,3,2m1f,5,25
264,3,2m4f,5,25
283,3,3m 110yds,3,25
478,6,7f 214yds,E,25
598,8,2m1f 110yds,E,25
662,9,5f,5,25
724,10,3m,1,25
943,13,2m6f 110yds,4,25
1077,14,6f,D,25
1082,14,7f,3,25
1095,15,1m,5,25
1134,15,1m6f,4,25
1162,15,2m4f,5,25
1410,19,2m6f 110yds,F,25
1773,23,2m1f,G,25
1889,26,2m1f,4,25
2272,30,2m3f 110yds,4,25
2403,32,2m,5,25
2410,32,2m4f,4,25
2452,33,2m2f,4,25
2688,35,1m 3yds,6,25
2724,35,2m 19yds,5,25
2911,38,1m1f 213yds,5,25
3359,45,2m 110yds,D,25
3485,47,1m4f,4,25
3744,51,1m,C,25
3920,54,1m6f 213yds,5,25
4061,55,2m6f,4,25
4309,59,2m,G,25
4462,61,5f 43yds,5,25
4478,61,7f 3yds,4,25
4512,62,1m2f 88yds,3,25
4586,62,6f,1,25
82,1,5f,2,24
136,2,1m2f,D,24
226,2,6f,6,24
251,3,2m1f,D,24
331,4,2m1f 34yds,6,24
405,5,5f,D,24
567,7,5f 193yds,5,24
690,10,2m 110yds,3,24
706,10,2m4f 110yds,1,24
797,11,2m4f,3,24
854,12,1m4f 66yds,4,24
874,12,5f 16yds,4,24
910,13,2m1f,D,24
980,14,1m2f 60yds,3,24
1060,14,5f,4,24
1107,15,1m1f,6,24
1253,16,7f,5,24
1262,17,2m,E,24
1301,18,1m4f,6,24
1504,20,6f,5,24
1660,22,1m6f,4,24
1729,22,5f,2,24
2108,29,1m 60yds,5,24
2439,33,2m1f,5,24
2694,35,1m4f 93yds,5,24
2841,36,6f,2,24
2932,38,1m 54yds,E,24
3211,43,1m1f 170yds,5,24
3315,45,1m 14yds,1,24
3335,45,1m2f 7yds,5,24
3448,46,3m3f 110yds,4,24
3451,46,3m3f 110yds,E,24
3636,48,2m7f,4,24
3669,49,2m3f 110yds,D,24
3766,51,5f,5,24
3834,53,2m,D,24
4317,59,2m4f,3,24
4364,60,1m4f,3,24
4365,60,1m4f,4,24
237,2,7f 50yds,4,23
586,7,7f 200yds,6,23
779,11,2m 110yds,E,23
827,11,6f 16yds,5,23
968,14,1m,2,23
997,14,1m4f,D,23
1018,14,2m 110yds,E,23
1123,15,1m4f 100yds,5,23
1183,15,5f,2,23
1228,16,1m4f 10yds,5,23
1335,18,2m6f 110yds,E,23
1563,21,1m 65yds,E,23
1731,22,5f,4,23
1830,24,3m,F,23
1895,26,2m2f,3,23
2128,29,2m,E,23
2201,30,1m2f,7,23
2797,36,1m1f,2,23
2927,38,1m 54yds,5,23
2988,39,2m 110yds,5,23
3272,44,1m4f,4,23
3316,45,1m 14yds,2,23
3434,46,2m5f,E,23
3442,46,2m5f 110yds,F,23
3443,46,2m5f 110yds,G,23
3478,47,1m3f,E,23
3488,47,1m4f,7,23
3574,47,6f,3,23
3653,49,2m1f,5,23
3667,49,2m3f 110yds,5,23
3774,51,6f,4,23
3837,53,2m,G,23
4032,55,2m,C,23
4057,55,2m4f 110yds,E,23
4134,57,1m2f 7yds,E,23
4399,60,7f,3,23
4551,62,1m6f,1,23
9,1,1m2f,1,22
165,2,2m,3,22
224,2,6f,4,22
443,6,5f 213yds,4,22
477,6,7f 214yds,D,22
651,9,2m3f,E,22
691,10,2m 110yds,A,22
898,12,7f 2yds,3,22
906,13,2m1f,3,22
1081,14,7f,2,22
1333,18,2m6f 110yds,4,22
1457,20,1m4f,1,22
1667,22,2m,1,22
1690,22,2m4f,4,22
1739,22,6f,3,22
1774,23,2m3f,4,22
1782,23,2m3f 110yds,F,22
1884,26,2m 110yds,D,22
1928,27,1m,1,22
1969,27,1m4f,7,22
2135,29,2m4f 110yds,D,22
2231,30,1m4f,F,22
2392,31,3m 110yds,3,22
2781,35,7f,6,22
2921,38,1m2f 50yds,4,22
3057,41,1m2f 6yds,3,22
3124,42,1m,5,22
3132,42,1m1f,5,22
3155,42,1m6f 19yds,5,22
3246,43,6f,5,22
3319,45,1m 14yds,5,22
3398,45,5f 6yds,5,22
3836,53,2m,F,22
3842,53,2m4f 110yds,3,22
3938,54,2m,E,22
3971,54,2m5f,E,22
4001,54,6f,5,22
4146,57,1m3f 135yds,E,22
4170,57,5f 10yds,4,22
4262,58,5f,D,22
21,1,1m4f,A,21
48,1,2m3f 110yds,3,21
146,2,1m5f 13yds,3,21
202,2,3m 110yds,4,21
222,2,6f,2,21
352,4,5f 161yds,E,21
406,5,5f,E,21
458,6,5f 59yds,E,21
468,6,6f 209yds,F,21
864,12,1m7f 195yds,4,21
1124,15,1m4f 100yds,6,21
1377,19,2m2f,5,21
1386,19,2m2f 110yds,D,21
1571,21,5f 4yds,4,21
1577,21,5f 4yds,F,21
1738,22,6f,2,21
1870,25,3m2f,5,21
1910,26,2m6f 110yds,D,21
2033,27,6f,3,21
2148,29,5f 218yds,E,21
2152,29,5f 2yds,5,21
2204,30,1m2f,C,21
2297,30,5f,2,21
2307,30,5f,F,21
2405,32,2m,D,21
2709,35,2m,5,21
2778,35,7f,3,21
2811,36,1m4f,2,21
3020,40,2m,D,21
3034,40,2m4f,4,21
3197,43,1m,3,21
3317,45,1m 14yds,3,21
3345,45,1m6f,D,21
3568,47,5f,E,21
3632,48,2m6f 110yds,E,21
3740,51,1m,3,21
3769,51,5f,D,21
4079,55,3m1f,3,21
4093,56,2m,5,21
4182,57,6f,6,21
4215,58,1m1f 79yds,G,21
4219,58,1m4f,E,21
4269,58,5f 20yds,3,21
4286,58,6f,G,21
4345,60,1m,3,21
4394,60,6f,C,21
4469,61,6f 3yds,4,21
182,2,2m4f,5,20
316,4,1m 5yds,4,20
360,5,1m 100yds,D,20
399,5,5f,4,20
518,7,2m1f,D,20
613,8,3m2f,4,20
624,9,1m3f 214yds,F,20
666,9,5f,F,20
888,12,7f 122yds,2,20
908,13,2m1f,5,20
938,13,2m5f 110yds,4,20
1073,14,6f,4,20
1176,15,3m 110yds,4,20
1205,16,1m 114yds,1,20
1208,16,1m 114yds,4,20
1216,16,1m2f 18yds,2,20
1296,18,1m1f 149yds,E,20
1429,20,1m,A,20
1437,20,1m1f,3,20
1492,20,5f,3,20
1539,21,1m4f 17yds,5,20
1626,22,1m 30yds,4,20
1744,22,6f,C,20
1829,24,3m,E,20
1865,25,3m,4,20
1929,27,1m,2,20
1958,27,1m3f,3,20
2009,27,3m,4,20
2140,29,2m7f 110yds,4,20
2244,30,1m5f,F,20
2608,34,2m6f 110yds,3,20
2850,36,7f,2,20
2914,38,1m1f 213yds,D,20
2983,39,2m,4,20
3035,40,2m4f,5,20
3118,41,6f,D,20
3225,43,1m4f 60yds,D,20
3265,44,1m1f 198yds,4,20
3269,44,1m1f 198yds,D,20
3333,45,1m2f 7yds,3,20
3383,45,2m 78yds,1,20
3422,46,2m1f,F,20
3674,49,2m7f 110yds,4,20
3705,50,2m,3,20
3720,50,2m6f,4,20
3794,52,2m,D,20
3819,52,3m,4,20
3883,54,1m 22yds,6,20
4081,55,3m1f,5,20
4116,56,2m6f,F,20
4148,57,1m 67yds,1,20
4395,60,6f,D,20
4426,61,1m3f 101yds,5,20
4446,61,1m6f 17yds,6,20
4488,62,1m,2,20
4573,62,5f,2,20
68,1,2m6f,3,19
324,4,1m 5yds,E,19
338,4,5f 11yds,5,19
389,5,2m 35yds,4,19
489,7,1m3f 107yds,4,19
548,7,3m 110yds,E,19
644,9,2m,E,19
646,9,2m,G,19
652,9,2m3f,F,19
807,11,3m,2,19
845,12,1m2f 75yds,5,19
859,12,1m5f 89yds,1,19
932,13,2m3f 110yds,4,19
956,13,3m,4,19
1121,15,1m4f,F,19
1143,15,2m,2,19
1152,15,2m,F,19
1165,15,2m4f,E,19
1204,15,7f 30yds,F,19
1233,16,1m4f 10yds,E,19
1292,18,1m1f 149yds,6,19
1508,20,6f,C,19
1558,21,1m 65yds,4,19
1579,21,6f 5yds,2,19
1581,21,6f 5yds,4,19
1630,22,1m 30yds,C,19
1732,22,5f,5,19
1737,22,6f,1,19
1861,25,2m5f 110yds,E,19
1874,25,3m2f,F,19
1946,27,1m2f,3,19
2043,27,7f,3,19
2133,29,2m4f 110yds,5,19
2177,30,1m,7,19
2215,30,1m3f 106yds,6,19
2407,32,2m,F,19
2469,33,2m4f,4,19
2505,33,3m1f,4,19
2530,34,1m2f 6yds,2,19
2557,34,1m5f 61yds,1,19
2630,34,5f 34yds,5,19
2647,34,7f,1,19
2651,34,7f,5,19
2680,35,1m2f 32yds,D,19
2681,35,1m2f 32yds,E,19
2746,35,3m,4,19
2756,35,5f,5,19
2885,37,2m5f 110yds,5,19
2940,38,1m6f 15yds,5,19
2947,38,1m6f 15yds,E,19
2962,38,5f 13yds,3,19
3003,39,3m,3,19
3010,39,3m 110yds,D,19
3044,40,2m5f,F,19
3078,41,1m 4yds,4,19
3090,41,2m1f 216yds,5,19
3273,44,1m4f,5,19
3310,44,6f 212yds,6,19
3368,45,2m4f 110yds,3,19
3456,47,1m,3,19
3472,47,1m3f,4,19
3635,48,2m7f,3,19
3776,51,6f,6,19
3827,52,3m 110yds,5,19
4022,54,7f 26yds,D,19
4098,56,2m,F,19
4282,58,6f,C,19
4354,60,1m2f,2,19
4370,60,1m4f,D,19
4384,60,5f,4,19
4389,60,6f,1,19
3,1,1m,3,18
10,1,1m2f,2,18
14,1,1m2f,B,18
167,2,2m,5,18
201,2,3m 110yds,3,18
213,2,5f,4,18
265,3,2m4f,D,18
303,4,1m3f 144yds,D,18
323,4,1m 5yds,D,18
411,5,7f 100yds,4,18
413,5,7f 100yds,6,18
510,7,2m,3,18
622,9,1m3f 214yds,D,18
697,10,2m1f,2,18
713,10,2m5f,2,18
891,12,7f 122yds,5,18
899,12,7f 2yds,4,18
947,13,2m6f 110yds,F,18
1070,14,6f,1,18
1080,14,7f,1,18
1192,15,5f,E,18
1222,16,1m2f 18yds,D,18
1235,16,5f,2,18
1318,18,2m1f 110yds,5,18
1404,19,2m6f,5,18
1450,20,1m1f 192yds,A,18
1460,20,1m4f,4,18
1467,20,1m6f,1,18
1468,20,1m6f,2,18
1482,20,2m,5,18
1548,21,1m5f 9yds,4,18
1621,22,1m2f 95yds,4,18
1639,22,1m3f 200yds,4,18
1718,22,3m,2,18
1797,23,3m2f,4,18
1816,24,2m4f 110yds,3,18
1859,25,2m5f 110yds,5,18
1999,27,2m5f,2,18
2455,33,2m3f,3,18
2468,33,2m4f,3,18
2512,34,1m,2,18
2569,34,2m,4,18
2574,34,2m 110yds,1,18
2649,34,7f,3,18
2783,35,7f,D,18
2817,36,1m4f,C,18
2833,36,5f,1,18
2852,36,7f,4,18
2898,37,3m2f 110yds,4,18
2912,38,1m1f 213yds,6,18
2978,38,6f 15yds,E,18
3056,41,1m2f 6yds,2,18
3085,41,1m 4yds,E,18
3096,41,2m1f 22yds,5,18
3127,42,1m,E,18
3187,42,7f,4,18
3245,43,6f,4,18
3298,44,6f,4,18
3336,45,1m2f 7yds,A,18
3440,46,2m5f 110yds,D,18
3567,47,5f,D,18
3614,48,2m3f,5,18
3627,48,2m6f 110yds,3,18
3715,50,2m4f,5,18
3778,51,6f,D,18
3790,52,2m,3,18
3863,53,2m6f 110yds,E,18
3896,54,1m2f 188yds,4,18
3978,54,3m1f,E,18
4190,58,1m 100yds,C,18
4570,62,2m 88yds,3,18
4589,62,6f,4,18
4614,62,7f,4,18
44,1,2m3f,3,17
70,1,3m,1,17
91,1,6f,3,17
102,1,7f,B,17
192,2,2m5f 110yds,4,17
318,4,1m 5yds,6,17
559,7,5f,4,17
848,12,1m2f 75yds,D,17
855,12,1m4f 66yds,5,17
917,13,2m1f 110yds,3,17
955,13,3m,3,17
979,14,1m2f 60yds,2,17
1089,14,7f,E,17
1116,15,1m4f,6,17
1120,15,1m4f,E,17
1196,15,7f 30yds,3,17
1202,15,7f 30yds,D,17
1213,16,1m 114yds,D,17
1218,16,1m2f 18yds,4,17
1334,18,2m6f 110yds,5,17
1368,18,7f,4,17
1427,20,1m,5,17
1494,20,5f,5,17
1550,21,1m5f 9yds,6,17
1554,21,1m5f 9yds,E,17
1610,22,1m2f 120yds,E,17
1636,22,1m3f 200yds,1,17
1780,23,2m3f 110yds,D,17
1843,25,2m 110yds,D,17
1851,25,2m4f 110yds,5,17
1987,27,2m,B,17
1988,27,2m,C,17
2038,27,6f,C,17
2127,29,2m,D,17
2129,29,2m,F,17
2183,30,1m,G,17
2313,30,6f,1,17
2421,32,2m5f,D,17
2580,34,2m 110yds,C,17
2707,35,2m,3,17
2725,35,2m 19yds,6,17
2760,35,5f,D,17
2953,38,1m 75yds,4,17
3075,41,1m 4yds,1,17
3084,41,1m 4yds,D,17
3122,42,1m,3,17
3133,42,1m1f,6,17
3196,43,1m,2,17
3230,43,2m,5,17
3243,43,6f,2,17
3304,44,6f,E,17
3493,47,1m4f,G,17
3519,47,2m1f,4,17
3532,47,2m4f 110yds,E,17
3560,47,5f,2,17
3717,50,2m5f,4,17
3773,51,6f,3,17
3796,52,2m,F,17
3816,52,2m6f,4,17
4000,54,6f,4,17
4111,56,2m6f,5,17
4147,57,1m3f 135yds,F,17
4187,57,6f,E,17
4204,58,1m1f 103yds,2,17
4239,58,1m6f 166yds,G,17
4265,58,5f,G,17
4351,60,1m,D,17
4468,61,6f 3yds,3,17
61,1,2m4f,C,16
159,2,1m7f,6,16
171,2,2m,D,16
172,2,2m,E,16
186,2,2m4f,E,16
330,4,2m1f 34yds,5,16
351,4,5f 161yds,D,16
560,7,5f,5,16
600,8,2m1f 110yds,G,16
626,9,1m5f 175yds,4,16
661,9,5f,4,16
681,9,7f,F,16
698,10,2m1f,3,16
735,10,3m1f 110yds,1,16
795,11,2m4f,1,16
976,14,1m,D,16
1061,14,5f,5,16
1094,15,1m,4,16
1100,15,1m,E,16
1105,15,1m1f,4,16
1115,15,1m4f,5,16
1150,15,2m,D,16
1184,15,5f,3,16
1209,16,1m 114yds,5,16
1221,16,1m2f 18yds,C,16
1273,17,2m4f,E,16
1350,18,5f,6,16
1357,18,6f,4,16
1388,19,2m2f 110yds,F,16
1418,19,3m3f,5,16
1591,22,1m,3,16
1608,22,1m2f 120yds,C,16
1661,22,1m6f,5,16
1791,23,2m6f 110yds,5,16
1801,23,3m2f,F,16
1995,27,2m4f 110yds,3,16
2093,29,1m1f 218yds,E,16
2184,30,1m,H,16
2209,30,1m2f,H,16
2261,30,2m,F,16
2298,30,5f,3,16
2319,30,6f,7,16
2341,30,7f,C,16
2382,31,2m4f,A,16
2419,32,2m5f,5,16
2444,33,2m1f 110yds,5,16
2551,34,1m4f 5yds,4,16
2581,34,2m 110yds,D,16
2586,34,2m2f 110yds,3,16
2599,34,2m5f,1,16
2745,35,3m,3,16
2761,35,5f,E,16
2788,36,1m,2,16
2931,38,1m 54yds,D,16
3067,41,1m4f 8yds,3,16
3108,41,5f,E,16
3159,42,1m6f 19yds,E,16
3346,45,2m,1,16
3373,45,2m4f 110yds,D,16
3477,47,1m3f,D,16
3540,47,2m5f 110yds,E,16
3682,49,3m 110yds,E,16
3723,50,3m,3,16
3725,50,3m,5,16
3787,51,7f,E,16
3810,52,2m5f,5,16
3885,54,1m 22yds,D,16
3907,54,1m4f 134yds,6,16
4078,55,3m1f,1,16
4090,56,2m,1,16
4108,56,2m6f,2,16
4179,57,6f,3,16
4224,58,1m4f 50yds,2,16
4301,59,2m,3,16
4308,59,2m,F,16
4327,59,2m7f,3,16
4366,60,1m4f,5,16
4369,60,1m4f,C,16
4453,61,2m,5,16
4461,61,5f 43yds,4,16
4531,62,1m4f,1,16
4574,62,5f,3,16
4,1,1m,4,15
11,1,1m2f,3,15
22,1,1m4f,B,15
112,2,1m,D,15
212,2,5f,3,15
253,3,2m1f,F,15
299,4,1m3f 144yds,4,15
459,6,5f 59yds,F,15
485,7,1m1f 61yds,6,15
511,7,2m,4,15
530,7,2m4f,3,15
552,7,3m1f,4,15
573,7,6f 192yds,4,15
679,9,7f,D,15
771,11,1m4f 23yds,F,15
837,11,7f 16yds,D,15
893,12,7f 122yds,C,15
950,13,2m7f 110yds,3,15
971,14,1m,5,15
1011,14,2m 110yds,3,15
1071,14,6f,2,15
1139,15,1m6f,E,15
1191,15,5f,D,15
1193,15,5f,F,15
1214,16,1m 114yds,E,15
1286,17,3m 110yds,3,15
1290,18,1m1f 149yds,4,15
1307,18,1m7f 92yds,5,15
1321,18,2m1f 110yds,F,15
1353,18,5f,E,15
1370,18,7f,6,15
1381,19,2m2f 110yds,3,15
1414,19,3m2f 110yds,5,15
1432,20,1m,D,15
1461,20,1m4f,5,15
1481,20,2m,4,15
1522,21,1m1f 36yds,4,15
1728,22,5f,1,15
1778,23,2m3f 110yds,4,15
1790,23,2m6f 110yds,4,15
1807,24,2m 110yds,3,15
1833,24,3m1f,5,15
1846,25,2m 110yds,G,15
1977,27,1m6f 92yds,D,15
2098,29,1m3f 183yds,6,15
2103,29,1m3f 183yds,E,15
2163,29,7f 9yds,6,15
2171,30,1m,1,15
2232,30,1m4f,G,15
2350,30,7f 140yds,5,15
2449,33,2m1f 110yds,F,15
2499,33,3m,D,15
2561,34,1m5f 61yds,5,15
2606,34,2m5f,D,15
2617,34,3m 110yds,4,15
2625,34,3m2f 110yds,3,15
2686,35,1m 3yds,4,15
2767,35,6f,4,15
2804,36,1m2f,5,15
2939,38,1m6f 15yds,4,15
2955,38,1m 75yds,6,15
3016,40,2m,3,15
3047,40,3m1f 110yds,4,15
3086,41,1m 4yds,F,15
3125,42,1m,6,15
3180,42,6f,D,15
3203,43,1m,E,15
3303,44,6f,D,15
3332,45,1m2f 7yds,2,15
3339,45,1m2f 7yds,D,15
3392,45,3m 110yds,3,15
3403,45,5f 6yds,E,15
3466,47,1m,H,15
3497,47,1m6f,4,15
3502,47,1m6f,E,15
3523,47,2m1f,E,15
3612,48,2m3f,3,15
3681,49,3m 110yds,D,15
3737,50,6f,5,15
3745,51,1m,D,15
3755,51,1m4f,D,15
3798,52,2m 110yds,4,15
3829,53,2m,3,15
3851,53,2m4f 110yds,G,15
3875,53,3m 110yds,E,15
3897,54,1m2f 188yds,5,15
3906,54,1m4f 134yds,5,15
3939,54,2m,F,15
4002,54,6f,6,15
4045,55,2m4f,3,15
4058,55,2m4f 110yds,F,15
4069,55,2m7f,D,15
4119,56,3m1f 110yds,4,15
4176,57,5f 10yds,E,15
4216,58,1m1f 79yds,H,15
4320,59,2m4f,C,15
4321,59,2m4f,D,15
4356,60,1m2f,4,15
4367,60,1m4f,A,15
4422,61,1m2f 21yds,F,15
4473,61,6f 3yds,C,15
4513,62,1m2f 88yds,4,15
6,1,1m,B,14
43,1,2m3f,1,14
46,1,2m3f 110yds,1,14
106,2,1m,2,14
133,2,1m2f,6,14
185,2,2m4f,D,14
205,2,3m 110yds,D,14
267,3,2m4f,F,14
394,5,2m 35yds,E,14
428,6,1m1f 209yds,E,14
561,7,5f,6,14
609,8,2m6f,E,14
684,10,2m,2,14
716,10,2m5f,B,14
838,11,7f 16yds,E,14
842,12,1m2f 75yds,2,14
843,12,1m2f 75yds,3,14
866,12,1m7f 195yds,D,14
881,12,6f 18yds,1,14
912,13,2m1f,F,14
928,13,2m3f,F,14
945,13,2m6f 110yds,D,14
974,14,1m,B,14
1016,14,2m 110yds,C,14
1064,14,5f,D,14
1099,15,1m,D,14
1166,15,2m4f,F,14
1336,18,2m6f 110yds,F,14
1389,19,2m2f 110yds,G,14
1417,19,3m3f,4,14
1424,20,1m,2,14
1516,20,7f,A,14
1517,20,7f,B,14
1519,20,7f,D,14
1603,22,1m2f 120yds,4,14
1670,22,2m,4,14
1692,22,2m4f,B,14
1717,22,3m,1,14
1719,22,3m,3,14
1793,23,3m1f 110yds,4,14
1813,24,2m 110yds,F,14
1855,25,2m4f 110yds,E,14
1860,25,2m5f 110yds,D,14
2006,27,3m,1,14
2032,27,6f,2,14
2042,27,7f,2,14
2064,28,1m2f,6,14
2096,29,1m3f 183yds,4,14
2332,30,7f,1,14
2490,33,2m6f 110yds,1,14
2496,33,3m,3,14
2650,34,7f,4,14
2717,35,2m 110yds,4,14
2779,35,7f,4,14
2798,36,1m1f,A,14
2831,36,2m2f,2,14
2899,37,3m2f 110yds,5,14
2905,37,3m3f,E,14
3061,41,1m2f 6yds,C,14
3068,41,1m4f 8yds,4,14
3098,41,2m1f 22yds,E,14
3121,42,1m,2,14
3126,42,1m,D,14
3193,42,7f,E,14
3226,43,1m4f 60yds,E,14
3285,44,1m6f 15yds,E,14
3338,45,1m2f 7yds,C,14
3396,45,5f 6yds,3,14
3452,46,3m3f 110yds,F,14
3500,47,1m6f,7,14
3587,47,7f,3,14
3671,49,2m3f 110yds,F,14
3733,50,5f,6,14
3743,51,1m,6,14
3746,51,1m,E,14
3797,52,2m,G,14
3974,54,3m1f,3,14
4042,55,2m3f 110yds,4,14
4102,56,2m4f,5,14
4150,57,1m 67yds,3,14
4250,58,2m 46yds,D,14
4414,61,1m2f 21yds,4,14
4429,61,1m3f 101yds,D,14
4449,61,1m6f 17yds,E,14
4487,62,1m,1,14
4533,62,1m4f,3,14
90,1,6f,2,13
107,2,1m,3,13
123,2,1m1f 20yds,5,13
203,2,3m 110yds,5,13
214,2,5f,5,13
236,2,7f 50yds,3,13
277,3,3m,5,13
294,4,1m2f 46yds,E,13
404,5,5f,C,13
472,6,7f 214yds,4,13
594,8,2m1f 110yds,3,13
603,8,2m5f 110yds,4,13
654,9,3m1f 110yds,3,13
675,9,7f,3,13
880,12,5f 16yds,D,13
889,12,7f 122yds,3,13
923,13,2m3f,3,13
995,14,1m4f,B,13
1063,14,5f,B,13
1136,15,1m6f,6,13
1149,15,2m,C,13
1168,15,3m,4,13
1244,16,6f,4,13
1261,17,2m,D,13
1276,17,2m5f 110yds,3,13
1304,18,1m4f,E,13
1345,18,3m1f,5,13
1372,18,7f,D,13
1408,19,2m6f 110yds,D,13
1431,20,1m,C,13
1441,20,1m1f,C,13
1459,20,1m4f,3,13
1524,21,1m1f 36yds,6,13
1557,21,1m 65yds,3,13
1575,21,5f 4yds,D,13
1586,21,6f 5yds,D,13
1609,22,1m2f 120yds,D,13
1658,22,1m6f,2,13
1671,22,2m,A,13
1753,22,7f 30yds,1,13
1762,23,2m,4,13
1772,23,2m1f,F,13
1820,24,2m4f 110yds,D,13
1862,25,2m5f 110yds,F,13
1897,26,2m2f,5,13
1942,27,1m1f,D,13
2018,27,3m 110yds,D,13
2102,29,1m3f 183yds,D,13
2109,29,1m 60yds,6,13
2122,29,1m 9yds,F,13
2136,29,2m4f 110yds,E,13
2243,30,1m5f,E,13
2247,30,1m6f,5,13
2254,30,2m,3,13
2368,31,2m 110yds,4,13
2379,31,2m4f,2,13
2483,33,2m6f,3,13
2497,33,3m,4,13
2578,34,2m 110yds,A,13
2616,34,3m 110yds,3,13
2684,35,1m 3yds,2,13
2765,35,6f,2,13
2775,35,6f,F,13
2777,35,7f,2,13
2793,36,1m,C,13
2849,36,7f,1,13
2854,36,7f,B,13
2862,37,2m 110yds,5,13
2883,37,2m5f 110yds,3,13
2960,38,2m 9yds,F,13
2992,39,2m 110yds,F,13
3033,40,2m4f,3,13
3038,40,2m5f,3,13
3073,41,1m4f 8yds,E,13
3104,41,5f,4,13
3119,41,6f,E,13
3138,42,1m2f,2,13
3192,42,7f,D,13
3276,44,1m4f,D,13
3291,44,5f,4,13
3327,45,1m1f,5,13
3394,45,5f 6yds,1,13
3402,45,5f 6yds,D,13
3484,47,1m4f,3,13
3536,47,2m5f 110yds,4,13
3584,47,6f,H,13
3605,48,2m 110yds,F,13
3621,48,2m4f,4,13
3633,48,2m6f 110yds,F,13
3657,49,2m1f,F,13
3688,50,1m,4,13
3758,51,2m,5,13
3759,51,2m,6,13
3781,51,7f,3,13
3812,52,2m5f,E,13
3823,52,3m,E,13
3853,53,2m5f,4,13
3859,53,2m6f 110yds,5,13
3902,54,1m2f 188yds,F,13
3931,54,2m,3,13
3986,54,5f,5,13
4035,55,2m,F,13
4094,56,2m,A,13
4293,58,7f,H,13
4344,60,1m,2,13
4375,60,1m6f 175yds,4,13
4411,61,1m2f 21yds,1,13
4421,61,1m2f 21yds,E,13
4438,61,1m 3yds,D,13
4454,61,2m,6,13
4561,62,2m2f,4,13
40,1,2m1f,2,12
81,1,5f,1,12
84,1,5f,4,12
86,1,5f,B,12
122,2,1m1f 20yds,4,12
149,2,1m5f 13yds,6,12
229,2,6f,D,12
241,2,7f 50yds,D,12
269,3,2m4f 110yds,3,12
284,3,3m 110yds,4,12
290,4,1m2f 46yds,4,12
341,4,5f 11yds,D,12
390,5,2m 35yds,5,12
416,5,7f 100yds,D,12
432,6,1m3f 196yds,4,12
436,6,1m3f 196yds,D,12
450,6,5f 213yds,F,12
453,6,5f 59yds,4,12
466,6,6f 209yds,D,12
533,7,2m4f,D,12
627,9,1m5f 175yds,5,12
633,9,1m7f 177yds,4,12
680,9,7f,E,12
694,10,2m 110yds,D,12
750,11,1m 14yds,D,12
916,13,2m1f 110yds,2,12
931,13,2m3f 110yds,3,12
969,14,1m,3,12
1037,14,2m3f 110yds,E,12
1101,15,1m,F,12
1110,15,1m1f,E,12
1119,15,1m4f,D,12
1226,16,1m4f 10yds,3,12
1277,17,2m5f 110yds,4,12
1282,17,2m7f 110yds,5,12
1284,17,2m7f 110yds,E,12
1323,18,2m4f 110yds,4,12
1344,18,3m1f,4,12
1425,20,1m,3,12
1507,20,6f,B,12
1545,21,1m4f 17yds,F,12
1549,21,1m5f 9yds,5,12
1553,21,1m5f 9yds,D,12
1561,21,1m 65yds,C,12
1580,21,6f 5yds,3,12
1734,22,5f,C,12
1767,23,2m1f,3,12
1863,25,2m5f 110yds,G,12
1908,26,2m6f 110yds,5,12
1953,27,1m2f,C,12
2005,27,2m5f,D,12
2013,27,3m 110yds,3,12
2049,27,7f,D,12
2085,28,6f,5,12
2086,28,6f,6,12
2143,29,5f 218yds,4,12
2150,29,5f 2yds,3,12
2160,29,7f 9yds,3,12
2266,30,2m 110yds,5,12
2293,30,3m,4,12
2365,31,2m 110yds,1,12
2376,31,2m1f,3,12
2426,32,3m,5,12
2429,32,3m,E,12
2459,33,2m3f 110yds,3,12
2467,33,2m3f 110yds,G,12
2486,33,2m6f,D,12
2553,34,1m4f 5yds,A,12
2563,34,1m5f 61yds,C,12
2572,34,2m,C,12
2613,34,3m,3,12
2738,35,2m4f,F,12
2752,35,3m,F,12
2792,36,1m,A,12
2806,36,1m2f,A,12
2863,37,2m1f,3,12
2897,37,3m2f 110yds,3,12
2963,38,5f 13yds,4,12
2968,38,5f 13yds,E,12
3051,40,3m1f 110yds,F,12
3054,40,3m2f,5,12
3182,42,6f,F,12
3288,44,1m6f 21yds,4,12
3312,44,6f 212yds,D,12
3324,45,1m 14yds,D,12
3356,45,2m 110yds,A,12
3446,46,3m3f,5,12
3513,47,2m,D,12
3592,47,7f,C,12
3597,47,7f,H,12
3602,48,2m 110yds,C,12
3617,48,2m3f,E,12
3677,49,3m 110yds,3,12
3683,49,3m 110yds,F,12
3721,50,2m6f,5,12
3757,51,2m,4,12
3779,51,6f,E,12
3784,51,7f,6,12
3786,51,7f,D,12
3820,52,3m,5,12
3957,54,2m4f 110yds,4,12
4029,55,2m,5,12
4071,55,2m7f,F,12
4113,56,2m6f,C,12
4118,56,3m1f 110yds,3,12
4142,57,1m3f 135yds,6,12
4178,57,6f,2,12
4287,58,6f,H,12
4326,59,2m4f 110yds,4,12
4409,61,1m1f,5,12
4484,61,7f 3yds,E,12
4498,62,1m 208yds,2,12
4500,62,1m 208yds,4,12
4522,62,1m3f 195yds,C,12
4591,62,6f,B,12
4611,62,7f,1,12
37,1,2m 110yds,C,11
76,1,3m,C,11
99,1,7f,3,11
361,5,1m 100yds,E,11
407,5,5f,F,11
515,7,2m1f,3,11
555,7,3m2f,3,11
630,9,1m5f 175yds,E,11
720,10,2m5f 110yds,1,11
728,10,3m,B,11
730,10,3m 110yds,2,11
731,10,3m 110yds,3,11
773,11,2m 110yds,3,11
788,11,2m3f 110yds,4,11
816,11,3m,F,11
820,11,5f 16yds,5,11
833,11,7f 16yds,4,11
872,12,5f 16yds,2,11
873,12,5f 16yds,3,11
884,12,6f 18yds,4,11
986,14,1m2f 60yds,D,11
1017,14,2m 110yds,D,11
1036,14,2m3f 110yds,D,11
1041,14,2m4f,E,11
1050,14,3m 110yds,4,11
1058,14,5f,2,11
1088,14,7f,D,11
1206,16,1m 114yds,2,11
1220,16,1m2f 18yds,B,11
1246,16,6f,C,11
1258,17,2m,3,11
1363,18,6f,F,11
1392,19,2m4f,3,11
1413,19,3m2f 110yds,4,11
1442,20,1m1f,D,11
1455,20,1m3f,5,11
1490,20,5f,1,11
1518,20,7f,C,11
1533,21,1m3f 16yds,E,11
1544,21,1m4f 17yds,E,11
1555,21,1m5f 9yds,F,11
1564,21,1m 65yds,F,11
1588,21,6f 5yds,F,11
1637,22,1m3f 200yds,2,11
1688,22,2m4f,2,11
1689,22,2m4f,3,11
1745,22,6f,D,11
1757,22,7f 30yds,C,11
1763,23,2m,5,11
1770,23,2m1f,D,11
1803,24,2m,E,11
1814,24,2m 110yds,G,11
1823,24,2m4f 110yds,G,11
1864,25,3m,3,11
1937,27,1m,C,11
1943,27,1m1f,E,11
1957,27,1m3f,2,11
1989,27,2m,D,11
2062,28,1m2f,4,11
2063,28,1m2f,5,11
2083,28,6f,3,11
2104,29,1m3f 183yds,F,11
2106,29,1m 60yds,3,11
2130,29,2m,G,11
2167,29,7f 9yds,D,11
2236,30,1m5f,3,11
2237,30,1m5f,4,11
2326,30,6f,G,11
2340,30,7f,B,11
2346,30,7f,H,11
2367,31,2m 110yds,3,11
2457,33,2m3f,5,11
2470,33,2m4f,5,11
2511,34,1m,1,11
2529,34,1m2f 6yds,1,11
2531,34,1m2f 6yds,3,11
2536,34,1m2f 6yds,C,11
2627,34,5f 34yds,2,11
2629,34,5f 34yds,4,11
2655,34,7f,D,11
2696,35,1m4f 93yds,D,11
2723,35,2m 19yds,4,11
2764,35,6f,1,11
2782,35,7f,C,11
2807,36,1m2f,B,11
2815,36,1m4f,A,11
2824,36,2m,1,11
2895,37,2m6f,F,11
2910,38,1m1f 213yds,4,11
2930,38,1m 54yds,C,11
2979,38,6f 15yds,F,11
2993,39,2m 110yds,G,11
3032,40,2m2f,5,11
3072,41,1m4f 8yds,D,11
3103,41,5f,3,11
3135,42,1m1f,E,11
3146,42,1m2f,E,11
3167,42,5f,4,11
3176,42,6f,4,11
3219,43,1m4f 10yds,3,11
3249,43,6f,C,11
3252,44,1m,2,11
3364,45,2m4f,3,11
3410,45,7f 16yds,C,11
3420,46,2m1f,D,11
3428,46,2m4f,3,11
3455,47,1m,2,11
3481,47,1m3f,H,11
3537,47,2m5f 110yds,5,11
3549,47,3m 110yds,E,11
3566,47,5f,C,11
3638,48,3m3f,3,11
3684,49,3m 110yds,G,11
3698,50,1m4f,5,11
3704,50,2m,2,11
3739,51,1m,2,11
3822,52,3m,D,11
3970,54,2m5f,D,11
4067,55,2m7f,5,11
4087,55,3m1f,F,11
4114,56,2m6f,D,11
4137,57,1m3f 135yds,1,11
4138,57,1m3f 135yds,2,11
4145,57,1m3f 135yds,D,11
4155,57,1m 67yds,C,11
4177,57,6f,1,11
4185,57,6f,C,11
4195,58,1m 100yds,H,11
4210,58,1m1f 79yds,C,11
4295,58,7f 32yds,2,11
4334,59,3m,3,11
4352,60,1m,E,11
4360,60,1m2f,E,11
4378,60,1m6f 175yds,D,11
4379,60,2m 24yds,3,11
4401,60,7f,5,11
4413,61,1m2f 21yds,3,11
4450,61,1m6f 17yds,F,11
4489,62,1m,3,11
4612,62,7f,2,11
19,1,1m4f,3,10
38,1,2m 110yds,D,10
94,1,6f,B,10
97,1,7f,1,10
126,2,1m1f 20yds,E,10
128,2,1m2f,1,10
130,2,1m2f,3,10
137,2,1m2f,E,10
151,2,1m5f 13yds,E,10
210,2,5f,1,10
262,3,2m4f,3,10
333,4,2m1f 34yds,E,10
373,5,1m1f 207yds,F,10
537,7,2m4f 110yds,E,10
556,7,3m2f,4,10
612,8,3m2f,3,10
618,9,1m3f 214yds,3,10
619,9,1m3f 214yds,4,10
645,9,2m,F,10
653,9,2m3f,G,10
689,10,2m 110yds,2,10
696,10,2m1f,1,10
700,10,2m1f,B,10
723,10,2m5f 110yds,B,10
761,11,1m2f 36yds,D,10
787,11,2m3f 110yds,3,10
823,11,5f 16yds,E,10
841,12,1m2f 75yds,1,10
862,12,1m5f 89yds,A,10
867,12,2m2f 147yds,2,10
868,12,2m2f 147yds,B,10
890,12,7f 122yds,4,10
901,12,7f 2yds,B,10
913,13,2m1f,G,10
978,14,1m2f 60yds,1,10
1000,14,1m6f 132yds,1,10
1032,14,2m3f 110yds,3,10
1076,14,6f,C,10
1087,14,7f,C,10
1093,15,1m,3,10
1128,15,1m5f,6,10
1177,15,3m 110yds,5,10
1203,15,7f 30yds,E,10
1210,16,1m 114yds,A,10
1224,16,1m4f 10yds,1,10
1225,16,1m4f 10yds,2,10
1231,16,1m4f 10yds,C,10
1242,16,6f,2,10
1256,16,7f,D,10
1328,18,2m4f 110yds,F,10
1329,18,2m5f,3,10
1373,18,7f,E,10
1436,20,1m1f,2,10
1446,20,1m1f 192yds,2,10
1465,20,1m4f,D,10
1474,20,1m6f,B,10
1535,21,1m4f 17yds,1,10
1547,21,1m5f 9yds,3,10
1632,22,1m 30yds,E,10
1668,22,2m,2,10
1673,22,2m,C,10
1675,22,2m,E,10
1750,22,7f,3,10
1756,22,7f 30yds,A,10
1848,25,2m4f 110yds,2,10
1879,26,2m 110yds,3,10
1903,26,2m2f,F,10
1912,26,2m6f 110yds,F,10
1919,26,3m1f,4,10
1944,27,1m2f,1,10
1945,27,1m2f,2,10
1965,27,1m4f,3,10
1971,27,1m4f,C,10
1972,27,1m4f,D,10
1973,27,1m4f,E,10
1986,27,2m,A,10
2029,27,5f,D,10
2039,27,6f,D,10
2050,27,7f,E,10
2107,29,1m 60yds,4,10
2137,29,2m4f 110yds,F,10
2151,29,5f 2yds,4,10
2168,29,7f 9yds,E,10
2296,30,5f,1,10
2327,30,6f,H,10
2409,32,2m4f,3,10
2442,33,2m1f 110yds,3,10
2480,33,2m5f 110yds,F,10
2522,34,1m1f,3,10
2540,34,1m3f 5yds,1,10
2562,34,1m5f 61yds,A,10
2595,34,2m3f,E,10
2614,34,3m 110yds,1,10
2615,34,3m 110yds,2,10
2626,34,5f 34yds,1,10
2637,34,6f 8yds,1,10
2663,35,1m,5,10
2664,35,1m,6,10
2721,35,2m 19yds,2,10
2728,35,2m 19yds,E,10
2742,35,2m6f,5,10
2750,35,3m,D,10
2753,35,5f,2,10
2755,35,5f,4,10
2774,35,6f,E,10
2826,36,2m,3,10
2843,36,6f,4,10
2845,36,6f,A,10
2871,37,2m1f,G,10
2887,37,2m6f,2,10
2896,37,2m6f,G,10
2936,38,1m6f 15yds,1,10
2941,38,1m6f 15yds,6,10
2951,38,1m 75yds,2,10
2969,38,6f 15yds,1,10
2980,38,6f 15yds,G,10
3006,39,3m 110yds,3,10
3024,40,2m1f,3,10
3029,40,2m1f,E,10
3042,40,2m5f,D,10
3058,41,1m2f 6yds,4,10
3064,41,1m2f 6yds,F,10
3065,41,1m4f 8yds,1,10
3088,41,2m1f 216yds,3,10
3089,41,2m1f 216yds,4,10
3100,41,2m5f 122yds,5,10
3117,41,6f,C,10
3162,42,2m 4yds,6,10
3184,42,7f,1,10
3202,43,1m,D,10
3222,43,1m4f 10yds,6,10
3239,43,5f,D,10
3286,44,1m6f 21yds,2,10
3294,44,5f,D,10
3296,44,6f,1,10
3306,44,6f 212yds,2,10
3321,45,1m 14yds,A,10
3322,45,1m 14yds,B,10
3357,45,2m 110yds,B,10
3377,45,2m6f,3,10
3507,47,2m,3,10
3511,47,2m,7,10
3522,47,2m1f,D,10
3544,47,3m 110yds,3,10
3586,47,7f,2,10
3608,48,2m1f 110yds,3,10
3620,48,2m4f,3,10
3690,50,1m,6,10
3747,51,1m,F,10
3817,52,2m6f,5,10
3826,52,3m 110yds,4,10
3871,53,3m,F,10
3876,53,3m 110yds,F,10
3954,54,2m3f,F,10
3993,54,5f 110yds,5,10
4047,55,2m4f,5,10
4062,55,2m6f,5,10
4104,56,2m5f,3,10
4124,57,1m2f 7yds,1,10
4324,59,2m4f,G,10
4343,60,1m,1,10
4386,60,5f,C,10
4393,60,6f,A,10
4397,60,7f,1,10
4403,60,7f,B,10
4419,61,1m2f 21yds,C,10
4430,61,1m3f 101yds,E,10
4613,62,7f,3,10
23,1,1m4f,C,9
36,1,2m 110yds,B,9
41,1,2m1f,3,9
47,1,2m3f 110yds,2,9
56,1,2m 45yds,D,9
57,1,2m4f,1,9
58,1,2m4f,2,9
59,1,2m4f,A,9
66,1,2m5f 159yds,2,9
93,1,6f,A,9
129,2,1m2f,2,9
135,2,1m2f,C,9
150,2,1m5f 13yds,C,9
163,2,2m,1,9
184,2,2m4f,C,9
199,2,2m6f,E,9
230,2,6f,E,9
279,3,3m,D,9
293,4,1m2f 46yds,D,9
312,4,1m5f 22yds,E,9
335,4,5f 11yds,1,9
337,4,5f 11yds,4,9
342,4,5f 11yds,E,9
343,4,5f 11yds,F,9
385,5,1m4f 16yds,E,9
457,6,5f 59yds,D,9
462,6,6f 209yds,4,9
480,6,7f 214yds,G,9
535,7,2m4f,F,9
544,7,3m 110yds,3,9
597,8,2m1f 110yds,D,9
611,8,2m6f,G,9
638,9,1m7f 177yds,F,9
639,9,2m,3,9
664,9,5f,D,9
670,9,5f 212yds,D,9
692,10,2m 110yds,B,9
717,10,2m5f,C,9
726,10,3m,3,9
737,10,3m1f 110yds,3,9
751,11,1m 14yds,E,9
762,11,1m2f 36yds,E,9
801,11,2m4f,B,9
858,12,1m4f 66yds,E,9
885,12,6f 18yds,5,9
959,13,3m 110yds,4,9
967,14,1m,1,9
1001,14,1m6f 132yds,2,9
1004,14,1m6f 132yds,5,9
1015,14,2m 110yds,B,9
1019,14,2m 110yds,F,9
1020,14,2m2f,1,9
1026,14,2m3f,3,9
1035,14,2m3f 110yds,C,9
1049,14,3m 110yds,3,9
1075,14,6f,A,9
1109,15,1m1f,D,9
1111,15,1m1f,F,9
1170,15,3m,D,9
1236,16,5f,3,9
1243,16,6f,3,9
1272,17,2m4f,D,9
1274,17,2m4f,F,9
1289,18,1m1f 149yds,3,9
1297,18,1m1f 149yds,F,9
1310,18,1m7f 92yds,E,9
1322,18,2m1f 110yds,G,9
1331,18,2m5f,5,9
1348,18,5f,4,9
1385,19,2m2f 110yds,C,9
1390,19,2m4f,1,9
1428,20,1m,6,9
1430,20,1m,B,9
1478,20,2m,1,9
1488,20,2m5f,2,9
1499,20,5f,E,9
1500,20,6f,1,9
1534,21,1m3f 16yds,F,9
1644,22,1m3f 200yds,D,9
1645,22,1m3f 200yds,E,9
1695,22,2m4f,E,9
1743,22,6f,A,9
1764,23,2m,E,9
1783,23,2m3f 110yds,G,9
1939,27,1m,E,9
1962,27,1m3f,7,9
1990,27,2m,E,9
2048,27,7f,C,9
2053,28,1m,3,9
2055,28,1m,5,9
2061,28,1m2f,3,9
2120,29,1m 9yds,D,9
2158,29,7f 9yds,1,9
2179,30,1m,C,9
2186,30,1m1f,6,9
2202,30,1m2f,A,9
2233,30,1m4f,H,9
2234,30,1m5f,1,9
2338,30,7f,7,9
2353,30,7f 140yds,D,9
2373,31,2m 110yds,D,9
2393,31,3m 110yds,4,9
2394,31,3m 110yds,A,9
2446,33,2m1f 110yds,C,9
2466,33,2m3f 110yds,F,9
2500,33,3m,E,9
2517,34,1m,B,9
2523,34,1m1f,5,9
2559,34,1m5f 61yds,3,9
2666,35,1m,D,9
2673,35,1m2f 32yds,1,9
2739,35,2m4f,G,9
2741,35,2m6f,4,9
2751,35,3m,E,9
2802,36,1m2f,3,9
2805,36,1m2f,6,9
2837,36,5f,A,9
2846,36,6f,B,9
2851,36,7f,3,9
2902,37,3m3f,5,9
2916,38,1m1f 213yds,F,9
2920,38,1m2f 50yds,3,9
2938,38,1m6f 15yds,3,9
2946,38,1m6f 15yds,D,9
2949,38,1m6f 15yds,G,9
2966,38,5f 13yds,C,9
2972,38,6f 15yds,4,9
3001,39,2m4f 110yds,F,9
3013,39,3m3f,3,9
3062,41,1m2f 6yds,D,9
3107,41,5f,D,9
3111,41,6f,2,9
3145,42,1m2f,D,9
3160,42,1m6f 19yds,F,9
3175,42,6f,3,9
3228,43,2m,2,9
3231,43,2m,6,9
3234,43,2m,E,9
3251,44,1m,1,9
3260,44,1m,E,9
3262,44,1m1f 198yds,1,9
3270,44,1m1f 198yds,E,9
3277,44,1m4f,E,9
3283,44,1m6f 15yds,C,9
3287,44,1m6f 21yds,3,9
3302,44,6f,C,9
3323,45,1m 14yds,C,9
3360,45,2m 110yds,E,9
3362,45,2m4f,1,9
3399,45,5f 6yds,A,9
3401,45,5f 6yds,C,9
3414,46,2m 110yds,5,9
3461,47,1m,C,9
3516,47,2m,G,9
3527,47,2m4f 110yds,3,9
3557,47,3m2f,F,9
3573,47,6f,2,9
3623,48,2m5f 110yds,3,9
3646,49,2m 110yds,4,9
3650,49,2m1f,2,9
3660,49,2m3f,5,9
3696,50,1m4f,3,9
3754,51,1m4f,C,9
3767,51,5f,6,9
3777,51,6f,C,9
3811,52,2m5f,D,9
3814,52,2m5f,G,9
3854,53,2m5f,5,9
3857,53,2m6f 110yds,3,9
3888,54,1m 22yds,G,9
3937,54,2m,D,9
3945,54,2m 39yds,5,9
3981,54,3m2f,5,9
4016,54,7f 26yds,3,9
4060,55,2m6f,3,9
4100,56,2m4f,3,9
4144,57,1m3f 135yds,C,9
4235,58,1m5f 194yds,7,9
4249,58,2m 119yds,7,9
4251,58,2m 46yds,E,9
4294,58,7f 32yds,1,9
4311,59,2m 110yds,4,9
4387,60,5f,D,9
4400,60,7f,4,9
4440,61,1m 3yds,F,9
4475,61,6f 3yds,E,9
4476,61,6f 3yds,F,9
4477,61,7f 3yds,3,9
4497,62,1m 208yds,1,9
4506,62,1m2f 85yds,B,9
4539,62,1m5f 194yds,C,9
4592,62,6f,C,9
4617,62,7f 202yds,B,9
7,1,1m,C,8
13,1,1m2f,A,8
20,1,1m4f,4,8
39,1,2m1f,1,8
54,1,2m 45yds,B,8
62,1,2m4f,D,8
144,2,1m2f 192yds,F,8
190,2,2m5f 110yds,2,8
200,2,3m 110yds,2,8
227,2,6f,B,8
240,2,7f 50yds,C,8
245,3,2m1f,2,8
272,3,2m4f 110yds,D,8
280,3,3m,E,8
295,4,1m2f 46yds,F,8
396,5,5f,1,8
422,6,1m1f 209yds,4,8
439,6,1m3f 196yds,G,8
449,6,5f 213yds,E,8
469,6,6f 209yds,G,8
506,7,1m6f 32yds,6,8
523,7,2m1f 52yds,6,8
545,7,3m 110yds,4,8
575,7,6f 192yds,6,8
578,7,6f 192yds,E,8
602,8,2m5f 110yds,3,8
605,8,2m6f,3,8
657,9,3m1f 110yds,E,8
672,9,5f 212yds,F,8
682,9,7f,G,8
683,10,2m,1,8
722,10,2m5f 110yds,A,8
727,10,3m,A,8
744,10,3m3f 110yds,1,8
785,11,2m2f,E,8
814,11,3m,D,8
839,11,7f 16yds,F,8
851,12,1m4f 66yds,1,8
857,12,1m4f 66yds,D,8
897,12,7f 2yds,2,8
915,13,2m1f 110yds,1,8
930,13,2m3f 110yds,2,8
961,13,3m 110yds,D,8
962,13,3m 110yds,E,8
966,13,4m,3,8
973,14,1m,A,8
994,14,1m4f,A,8
1008,14,1m6f 132yds,D,8
1034,14,2m3f 110yds,5,8
1048,14,3m 110yds,2,8
1067,14,5f 140yds,2,8
1078,14,6f,E,8
1140,15,1m6f,F,8
1190,15,5f,C,8
1223,16,1m2f 18yds,E,8
1280,17,2m7f 110yds,3,8
1305,18,1m4f,F,8
1313,18,2m,5,8
1342,18,2m 93yds,F,8
1422,19,3m4f,3,8
1449,20,1m1f 192yds,5,8
1458,20,1m4f,2,8
1509,20,6f,D,8
1515,20,7f,5,8
1526,21,1m1f 36yds,C,8
1529,21,1m1f 36yds,F,8
1532,21,1m3f 16yds,D,8
1540,21,1m4f 17yds,6,8
1562,21,1m 65yds,D,8
1592,22,1m,4,8
1620,22,1m2f 95yds,3,8
1631,22,1m 30yds,D,8
1641,22,1m3f 200yds,A,8
1682,22,2m 45yds,2,8
1693,22,2m4f,C,8
1735,22,5f,D,8
1775,23,2m3f,5,8
1847,25,2m4f 110yds,1,8
1857,25,2m4f 110yds,G,8
1893,26,2m2f,1,8
1901,26,2m2f,D,8
1938,27,1m,D,8
2004,27,2m5f,C,8
2072,28,1m6f,4,8
2226,30,1m4f,7,8
2286,30,2m7f,4,8
2302,30,5f,7,8
2304,30,5f,C,8
2352,30,7f 140yds,C,8
2377,31,2m1f,4,8
2385,31,2m4f,D,8
2423,32,2m5f,F,8
2428,32,3m,D,8
2430,32,3m,F,8
2435,33,2m1f,1,8
2445,33,2m1f 110yds,B,8
2463,33,2m3f 110yds,C,8
2504,33,3m1f,3,8
2565,34,1m5f 61yds,E,8
2570,34,2m,5,8
2583,34,2m1f,2,8
2584,34,2m1f,3,8
2587,34,2m2f 110yds,4,8
2597,34,2m4f,1,8
2598,34,2m4f,2,8
2620,34,3m 110yds,C,8
2624,34,3m2f 110yds,1,8
2633,34,5f 34yds,C,8
2638,34,6f 8yds,2,8
2654,34,7f,C,8
2698,35,1m4f 93yds,F,8
2716,35,2m,G,8
2785,35,7f,F,8
2803,36,1m2f,4,8
2816,36,1m4f,B,8
2821,36,1m6f,2,8
2844,36,6f,5,8
2855,36,7f,C,8
2877,37,2m3f,D,8
2892,37,2m6f,C,8
2906,37,3m3f,F,8
2926,38,1m 54yds,4,8
2967,38,5f 13yds,D,8
3046,40,3m1f 110yds,3,8
3050,40,3m1f 110yds,E,8
3095,41,2m1f 22yds,4,8
3110,41,6f,1,8
3129,42,1m,G,8
3164,42,2m 4yds,E,8
3189,42,7f,6,8
3198,43,1m,4,8
3201,43,1m,C,8
3206,43,1m1f,3,8
3250,43,6f,E,8
3256,44,1m,6,8
3282,44,1m6f 15yds,5,8
3326,45,1m1f,4,8
3405,45,7f 16yds,2,8
3471,47,1m3f,3,8
3494,47,1m4f,H,8
3501,47,1m6f,D,8
3571,47,5f,H,8
3579,47,6f,C,8
3606,48,2m 110yds,G,8
3634,48,2m6f 110yds,G,8
3645,49,2m 110yds,3,8
3659,49,2m3f,4,8
3675,49,2m7f 110yds,5,8
3707,50,2m,5,8
3764,51,5f,2,8
3808,52,2m5f,3,8
3818,52,3m,3,8
3852,53,2m5f,3,8
3870,53,3m,E,8
3894,54,1m2f 188yds,1,8
3911,54,1m4f 134yds,F,8
3919,54,1m6f 213yds,4,8
3950,54,2m3f,4,8
3972,54,2m5f,F,8
3977,54,3m1f,D,8
3999,54,6f,3,8
4072,55,2m7f,G,8
4103,56,2m5f,1,8
4112,56,2m6f,B,8
4117,56,3m1f 110yds,1,8
4222,58,1m4f,H,8
4237,58,1m6f 166yds,E,8
4253,58,2m 46yds,G,8
4312,59,2m 110yds,5,8
4339,59,3m,D,8
4350,60,1m,C,8
4382,60,2m 24yds,C,8
4425,61,1m3f 101yds,4,8
4443,61,1m6f 17yds,2,8
4485,61,7f 3yds,F,8
4552,62,1m6f,2,8
15,1,1m2f,C,7
35,1,2m 110yds,A,7
60,1,2m4f,B,7
111,2,1m,C,7
183,2,2m4f,B,7
274,3,3m,2,7
278,3,3m,C,7
329,4,2m1f 34yds,4,7
350,4,5f 161yds,C,7
376,5,1m3f 216yds,E,7
380,5,1m4f 16yds,4,7
397,5,5f,2,7
430,6,1m1f 209yds,G,7
491,7,1m3f 107yds,6,7
499,7,1m3f 206yds,F,7
532,7,2m4f,5,7
553,7,3m1f,5,7
589,7,7f 200yds,E,7
608,8,2m6f,D,7
647,9,2m3f,3,7
659,9,5f,2,7
671,9,5f 212yds,E,7
701,10,2m1f,C,7
708,10,2m4f 110yds,3,7
721,10,2m5f 110yds,2,7
780,11,2m 110yds,F,7
783,11,2m2f,6,7
800,11,2m4f,A,7
812,11,3m,B,7
896,12,7f 2yds,1,7
918,13,2m1f 110yds,4,7
989,14,1m4f,1,7
1009,14,2m 110yds,1,7
1013,14,2m 110yds,5,7
1027,14,2m3f,4,7
1062,14,5f,6,7
1122,15,1m4f 100yds,4,7
1133,15,1m6f,3,7
1164,15,2m4f,D,7
1171,15,3m,E,7
1257,16,7f,E,7
1308,18,1m7f 92yds,6,7
1337,18,2m6f 110yds,G,7
1340,18,2m 93yds,6,7
1433,20,1m,E,7
1473,20,1m6f,A,7
1510,20,6f,E,7
1527,21,1m1f 36yds,D,7
1576,21,5f 4yds,E,7
1623,22,1m 30yds,1,7
1624,22,1m 30yds,2,7
1643,22,1m3f 200yds,C,7
1677,22,2m 110yds,1,7
1694,22,2m4f,D,7
1736,22,5f,E,7
1748,22,7f,1,7
1794,23,3m1f 110yds,5,7
1822,24,2m4f 110yds,F,7
1881,26,2m 110yds,5,7
1900,26,2m2f,C,7
1951,27,1m2f,A,7
1996,27,2m4f 110yds,4,7
2008,27,3m,3,7
2012,27,3m 110yds,2,7
2054,28,1m,4,7
2056,28,1m,6,7
2090,29,1m1f 218yds,6,7
2113,29,1m 8yds,F,7
2125,29,2m,5,7
2139,29,2m7f 110yds,3,7
2203,30,1m2f,B,7
2217,30,1m3f 106yds,E,7
2240,30,1m5f,7,7
2253,30,2m,2,7
2277,30,2m3f 110yds,E,7
2294,30,3m,5,7
2361,31,2m,2,7
2366,31,2m 110yds,2,7
2370,31,2m 110yds,A,7
2384,31,2m4f,C,7
2432,32,3m1f 110yds,3,7
2461,33,2m3f 110yds,5,7
2474,33,2m5f,3,7
2476,33,2m5f,5,7
2514,34,1m,4,7
2537,34,1m2f 6yds,D,7
2555,34,1m4f 5yds,C,7
2575,34,2m 110yds,2,7
2579,34,2m 110yds,B,7
2603,34,2m5f,A,7
2611,34,3m,1,7
2643,34,6f 8yds,B,7
2644,34,6f 8yds,C,7
2648,34,7f,2,7
2668,35,1m,F,7
2669,35,1m1f 9yds,5,7
2678,35,1m2f 32yds,A,7
2682,35,1m2f 32yds,F,7
2699,35,1m4f 93yds,G,7
2713,35,2m,D,7
2715,35,2m,F,7
2772,35,6f,C,7
2808,36,1m2f,D,7
2814,36,1m4f,5,7
2822,36,1m6f,4,7
2827,36,2m,A,7
2835,36,5f,4,7
2880,37,2m3f,G,7
2884,37,2m5f 110yds,4,7
2928,38,1m 54yds,6,7
2957,38,2m 9yds,5,7
3012,39,3m 110yds,F,7
3031,40,2m2f,4,7
3071,41,1m4f 8yds,C,7
3151,42,1m3f,E,7
3169,42,5f,6,7
3179,42,6f,C,7
3186,42,7f,3,7
3200,43,1m,6,7
3259,44,1m,D,7
3292,44,5f,5,7
3300,44,6f,6,7
3313,44,6f 212yds,E,7
3325,45,1m 14yds,E,7
3353,45,2m 110yds,2,7
3365,45,2m4f,4,7
3375,45,2m6f,1,7
3380,45,2m6f,D,7
3384,45,2m 78yds,A,7
3395,45,5f 6yds,2,7
3417,46,2m1f,3,7
3453,46,3m3f 110yds,G,7
3505,47,1m6f,H,7
3550,47,3m 110yds,F,7
3556,47,3m2f,E,7
3622,48,2m4f,5,7
3639,48,3m3f,4,7
3672,49,2m3f 110yds,G,7
3694,50,1m2f,5,7
3699,50,1m4f,6,7
3736,50,6f,4,7
3799,52,2m 110yds,5,7
3806,52,2m3f 110yds,F,7
3824,52,3m,F,7
3846,53,2m4f 110yds,B,7
3847,53,2m4f 110yds,C,7
3874,53,3m 110yds,D,7
3903,54,1m2f 188yds,G,7
3910,54,1m4f 134yds,E,7
3948,54,2m 39yds,F,7
3980,54,3m2f,4,7
3990,54,5f,E,7
4007,54,6f 21yds,5,7
4036,55,2m 110yds,1,7
4049,55,2m4f 110yds,1,7
4188,57,6f,F,7
4231,58,1m5f 194yds,3,7
4241,58,2m,E,7
4261,58,5f,C,7
4266,58,5f,H,7
4268,58,5f 20yds,2,7
4288,58,7f,C,7
4306,59,2m,D,7
4338,59,3m,C,7
4374,60,1m6f 175yds,3,7
4404,60,7f,C,7
4406,60,7f,E,7
4410,61,1m1f,6,7
4420,61,1m2f 21yds,D,7
4474,61,6f 3yds,D,7
4528,62,1m3f 198yds,C,7
4571,62,2m 88yds,4,7
4575,62,5f,4,7
4578,62,5f,C,7
4590,62,6f,A,7
4593,62,6f,D,7
8,1,1m,D,6
49,1,2m3f 110yds,4,6
78,1,3m1f,1,6
95,1,6f,C,6
100,1,7f,4,6
143,2,1m2f 192yds,E,6
157,2,1m7f,4,6
168,2,2m,A,6
169,2,2m,B,6
170,2,2m,C,6
196,2,2m6f,B,6
211,2,5f,2,6
243,2,7f 50yds,F,6
250,3,2m1f,C,6
268,3,2m4f,G,6
313,4,1m 5yds,1,6
315,4,1m 5yds,3,6
332,4,2m1f 34yds,D,6
353,4,5f 161yds,F,6
365,5,1m1f 207yds,3,6
386,5,1m4f 16yds,F,6
448,6,5f 213yds,D,6
479,6,7f 214yds,F,6
483,7,1m1f 61yds,4,6
505,7,1m6f 32yds,5,6
507,7,1m6f 32yds,D,6
577,7,6f 192yds,D,6
588,7,7f 200yds,D,6
629,9,1m5f 175yds,D,6
631,9,1m5f 175yds,F,6
643,9,2m,D,6
673,9,5f 212yds,G,6
695,10,2m 110yds,E,6
704,10,2m4f,2,6
719,10,2m5f,E,6
736,10,3m1f 110yds,2,6
752,11,1m 14yds,F,6
772,11,2m 110yds,2,6
791,11,2m3f 110yds,D,6
813,11,3m,C,6
818,11,3m5f 110yds,1,6
871,12,5f 16yds,1,6
886,12,6f 18yds,A,6
900,12,7f 2yds,5,6
904,13,2m1f,1,6
929,13,2m3f,G,6
937,13,2m5f 110yds,3,6
953,13,2m7f 110yds,D,6
987,14,1m2f 60yds,E,6
991,14,1m4f,3,6
1014,14,2m 110yds,6,6
1046,14,3m,4,6
1047,14,3m 110yds,1,6
1085,14,7f,A,6
1175,15,3m 110yds,3,6
1239,16,5f,B,6
1240,16,5f,C,6
1248,16,6f,E,6
1269,17,2m4f,3,6
1283,17,2m7f 110yds,D,6
1287,17,3m 110yds,4,6
1299,18,1m4f,4,6
1324,18,2m4f 110yds,5,6
1327,18,2m4f 110yds,E,6
1362,18,6f,E,6
1405,19,2m6f 110yds,3,6
1411,19,2m6f 110yds,G,6
1443,20,1m1f,E,6
1464,20,1m4f,C,6
1498,20,5f,D,6
1521,21,1m1f 36yds,3,6
1589,22,1m,1,6
1662,22,1m6f,C,6
1678,22,2m 110yds,3,6
1696,22,2m4f,F,6
1705,22,2m6f,D,6
1804,24,2m,F,6
1842,25,2m 110yds,C,6
1856,25,2m4f 110yds,F,6
1872,25,3m2f,D,6
1902,26,2m2f,E,6
1905,26,2m6f 110yds,2,6
1909,26,2m6f 110yds,B,6
1914,26,2m7f 110yds,3,6
1918,26,3m1f,3,6
1924,26,3m3f,5,6
1985,27,2m,7,6
2011,27,3m 110yds,1,6
2015,27,3m 110yds,A,6
2069,28,1m5f 66yds,6,6
2080,28,5f,5,6
2084,28,6f,4,6
2095,29,1m3f 183yds,3,6
2138,29,2m4f 110yds,G,6
2157,29,5f 2yds,E,6
2166,29,7f 9yds,C,6
2194,30,1m 1yds,6,6
2264,30,2m 110yds,3,6
2273,30,2m3f 110yds,5,6
2283,30,2m4f 110yds,5,6
2330,30,6f 1yds,5,6
2345,30,7f,G,6
2359,30,7f 1yds,6,6
2362,31,2m,3,6
2386,31,2m4f,E,6
2441,33,2m1f 110yds,2,6
2481,33,2m5f 110yds,G,6
2487,33,2m6f,E,6
2509,33,3m5f,4,6
2524,34,1m1f,B,6
2534,34,1m2f 6yds,A,6
2535,34,1m2f 6yds,B,6
2591,34,2m3f,3,6
2602,34,2m5f,4,6
2612,34,3m,2,6
2618,34,3m 110yds,A,6
2621,34,3m 110yds,D,6
2671,35,1m1f 9yds,D,6
2693,35,1m4f 93yds,4,6
2702,35,1m6f 97yds,D,6
2705,35,2m,1,6
2710,35,2m,A,6
2736,35,2m4f,D,6
2743,35,3m,1,6
2794,36,1m,D,6
2819,36,1m4f,E,6
2860,37,2m 110yds,3,6
2879,37,2m3f,F,6
2881,37,2m5f 110yds,1,6
2909,38,1m1f 213yds,3,6
2924,38,1m 54yds,2,6
2934,38,1m 54yds,G,6
2982,39,2m,3,6
3005,39,3m,5,6
3045,40,2m5f,G,6
3049,40,3m1f 110yds,D,6
3077,41,1m 4yds,3,6
3080,41,1m 4yds,6,6
3171,42,5f,D,6
3212,43,1m1f 170yds,6,6
3236,43,5f,4,6
3240,43,5f,E,6
3284,44,1m6f 15yds,D,6
3308,44,6f 212yds,4,6
3328,45,1m1f,C,6
3348,45,2m,3,6
3350,45,2m,A,6
3361,45,2m3f 110yds,2,6
3378,45,2m6f,A,6
3489,47,1m4f,C,6
3496,47,1m6f,3,6
3504,47,1m6f,G,6
3531,47,2m4f 110yds,D,6
3542,47,2m5f 110yds,G,6
3607,48,2m1f 110yds,2,6
3610,48,2m1f 110yds,5,6
3615,48,2m3f,C,6
3616,48,2m3f,D,6
3618,48,2m3f,F,6
3643,48,3m4f,3,6
3654,49,2m1f,C,6
3658,49,2m3f,3,6
3668,49,2m3f 110yds,C,6
3693,50,1m2f,4,6
3710,50,2m3f 110yds,4,6
3711,50,2m3f 110yds,5,6
3719,50,2m6f,3,6
3726,50,3m1f 110yds,2,6
3750,51,1m4f,3,6
3756,51,1m4f,E,6
3761,51,2m,D,6
3763,51,2m,F,6
3770,51,5f,E,6
3780,51,6f,F,6
3813,52,2m5f,F,6
3828,53,2m,2,6
3833,53,2m,C,6
3840,53,2m4f,5,6
3841,53,2m4f 110yds,2,6
3861,53,2m6f 110yds,C,6
3865,53,2m6f 110yds,G,6
3921,54,1m6f 213yds,6,6
3944,54,2m 39yds,4,6
3946,54,2m 39yds,D,6
3951,54,2m3f,5,6
3961,54,2m4f 110yds,E,6
3973,54,3m 110yds,4,6
4011,54,6f 21yds,E,6
4014,54,7f 164yds,D,6
4021,54,7f 26yds,C,6
4063,55,2m6f 110yds,4,6
4066,55,2m7f,4,6
4082,55,3m1f,A,6
4122,56,3m3f 110yds,3,6
4154,57,1m 67yds,A,6
4166,57,2m4f,E,6
4189,58,1m 100yds,B,6
4217,58,1m4f,C,6
4325,59,2m4f 110yds,3,6
4348,60,1m,A,6
4363,60,1m4f,2,6
4373,60,1m5f,5,6
4431,61,1m3f 101yds,F,6
4464,61,5f 43yds,C,6
4482,61,7f 3yds,C,6
4505,62,1m2f 85yds,A,6
4516,62,1m2f 88yds,B,6
4520,62,1m3f 195yds,A,6
4537,62,1m5f 194yds,A,6
4568,62,2m 88yds,1,6
4583,62,5f 89yds,2,6
4608,62,6f 3yds,B,6
4618,62,7f 202yds,D,6
53,1,2m 45yds,A,5
64,1,2m5f 110yds,2,5
65,1,2m5f 110yds,3,5
69,1,2m6f 34yds,B,5
73,1,3m,4,5
83,1,5f,3,5
85,1,5f,A,5
87,1,5f,C,5
103,1,7f,C,5
114,2,1m,F,5
134,2,1m2f,A,5
176,2,2m1f 105yds,4,5
187,2,2m4f,F,5
218,2,5f,C,5
220,2,5f,E,5
232,2,7f,C,5
233,2,7f,D,5
242,2,7f 50yds,E,5
260,3,2m1f 110yds,E,5
296,4,1m2f 46yds,G,5
305,4,1m3f 144yds,F,5
311,4,1m5f 22yds,D,5
322,4,1m 5yds,C,5
340,4,5f 11yds,A,5
346,4,5f 161yds,3,5
359,5,1m 100yds,C,5
377,5,1m3f 216yds,F,5
393,5,2m 35yds,D,5
418,5,7f 100yds,F,5
451,6,5f 213yds,G,5
487,7,1m1f 61yds,E,5
513,7,2m,E,5
524,7,2m1f 52yds,F,5
540,7,2m5f,3,5
543,7,3m 110yds,2,5
566,7,5f 193yds,4,5
569,7,5f 193yds,E,5
583,7,7f 200yds,3,5
590,7,7f 200yds,F,5
604,8,2m5f 110yds,5,5
610,8,2m6f,F,5
614,8,3m2f,5,5
616,8,3m2f,E,5
623,9,1m3f 214yds,E,5
665,9,5f,E,5
686,10,2m,A,5
687,10,2m,C,5
703,10,2m4f,1,5
715,10,2m5f,A,5
738,10,3m1f 110yds,A,5
759,11,1m2f 36yds,A,5
763,11,1m2f 36yds,F,5
766,11,1m4f 23yds,4,5
769,11,1m4f 23yds,D,5
777,11,2m 110yds,C,5
781,11,2m 110yds,G,5
786,11,2m3f 110yds,2,5
806,11,2m4f,G,5
825,11,6f 16yds,2,5
831,11,6f 16yds,E,5
846,12,1m2f 75yds,A,5
847,12,1m2f 75yds,C,5
856,12,1m4f 66yds,C,5
860,12,1m5f 89yds,3,5
861,12,1m5f 89yds,4,5
863,12,1m7f 195yds,3,5
877,12,5f 16yds,A,5
878,12,5f 16yds,B,5
879,12,5f 16yds,C,5
895,12,7f 122yds,E,5
902,12,7f 2yds,C,5
939,13,2m5f 110yds,5,5
958,13,3m 110yds,3,5
975,14,1m,C,5
996,14,1m4f,C,5
998,14,1m4f,E,5
1024,14,2m2f,C,5
1040,14,2m4f,C,5
1044,14,3m,2,5
1053,14,3m 110yds,B,5
1065,14,5f,F,5
1079,14,6f 110yds,2,5
1132,15,1m6f,2,5
1172,15,3m,F,5
1179,15,3m 110yds,E,5
1229,16,1m4f 10yds,A,5
1230,16,1m4f 10yds,B,5
1237,16,5f,4,5
1238,16,5f,A,5
1247,16,6f,D,5
1263,17,2m,F,5
1266,17,2m 110yds,4,5
1267,17,2m 110yds,5,5
1275,17,2m4f,G,5
1278,17,2m5f 110yds,5,5
1285,17,2m7f 110yds,F,5
1303,18,1m4f,D,5
1316,18,2m1f 110yds,3,5
1339,18,2m 93yds,5,5
1352,18,5f,D,5
1364,18,6f,G,5
1391,19,2m4f,2,5
1401,19,2m4f,G,5
1447,20,1m1f 192yds,3,5
1448,20,1m1f 192yds,4,5
1451,20,1m1f 192yds,B,5
1462,20,1m4f,A,5
1484,20,2m,A,5
1486,20,2m,E,5
1491,20,5f,2,5
1496,20,5f,A,5
1513,20,7f,3,5
1542,21,1m4f 17yds,C,5
1590,22,1m,2,5
1600,22,1m2f 120yds,1,5
1602,22,1m2f 120yds,3,5
1611,22,1m2f 120yds,G,5
1618,22,1m2f 95yds,1,5
1619,22,1m2f 95yds,2,5
1638,22,1m3f 200yds,3,5
1642,22,1m3f 200yds,B,5
1685,22,2m 45yds,C,5
1708,22,2m7f 110yds,2,5
1715,22,2m7f 110yds,E,5
1721,22,3m1f,1,5
1733,22,5f,B,5
1747,22,6f,F,5
1749,22,7f,2,5
1784,23,2m4f,3,5
1811,24,2m 110yds,D,5
1894,26,2m2f,2,5
1915,26,2m7f 110yds,4,5
1936,27,1m,B,5
1941,27,1m1f,C,5
1994,27,2m4f 110yds,2,5
2007,27,3m,2,5
2027,27,5f,A,5
2073,28,1m6f,5,5
2081,28,5f,6,5
2219,30,1m3f 106yds,G,5
2242,30,1m5f,D,5
2245,30,1m5f,G,5
2259,30,2m,D,5
2268,30,2m 110yds,D,5
2269,30,2m 110yds,E,5
2271,30,2m3f 110yds,3,5
2288,30,2m7f,D,5
2289,30,2m7f,E,5
2321,30,6f,C,5
2339,30,7f,A,5
2354,30,7f 140yds,E,5
2374,31,2m 110yds,E,5
2451,33,2m2f,3,5
2473,33,2m5f,2,5
2478,33,2m5f 110yds,D,5
2488,33,2m6f,F,5
2491,33,2m6f 110yds,2,5
2516,34,1m,A,5
2538,34,1m2f 6yds,E,5
2566,34,1m 7yds,4,5
2592,34,2m3f,4,5
2593,34,2m3f,C,5
2594,34,2m3f,D,5
2632,34,5f 34yds,B,5
2641,34,6f 8yds,5,5
2642,34,6f 8yds,A,5
2645,34,6f 8yds,D,5
2652,34,7f,A,5
2653,34,7f,B,5
2672,35,1m1f 9yds,E,5
2683,35,1m2f 32yds,G,5
2690,35,1m 3yds,D,5
2697,35,1m4f 93yds,E,5
2701,35,1m6f 97yds,5,5
2726,35,2m 19yds,B,5
2731,35,2m4f,3,5
2740,35,2m6f,2,5
2758,35,5f,B,5
2770,35,6f,A,5
2773,35,6f,D,5
2791,36,1m,5,5
2847,36,6f,C,5
2853,36,7f,A,5
2886,37,2m5f 110yds,E,5
2933,38,1m 54yds,F,5
2948,38,1m6f 15yds,F,5
2952,38,1m 75yds,3,5
2958,38,2m 9yds,6,5
3004,39,3m,4,5
3028,40,2m1f,D,5
3036,40,2m4f,E,5
3092,41,2m1f 216yds,D,5
3093,41,2m1f 216yds,E,5
3101,41,2m5f 122yds,E,5
3109,41,5f,F,5
3113,41,6f,4,5
3116,41,6f,A,5
3128,42,1m,F,5
3143,42,1m2f,B,5
3144,42,1m2f,C,5
3147,42,1m2f,F,5
3165,42,2m 4yds,F,5
3166,42,5f,3,5
3183,42,6f,G,5
3204,43,1m,F,5
3213,43,1m2f,C,5
3215,43,1m2f,E,5
3216,43,1m2f,F,5
3248,43,6f,B,5
3257,44,1m,A,5
3258,44,1m,C,5
3264,44,1m1f 198yds,3,5
3267,44,1m1f 198yds,A,5
3307,44,6f 212yds,3,5
3337,45,1m2f 7yds,B,5
3344,45,1m6f,C,5
3370,45,2m4f 110yds,A,5
3379,45,2m6f,C,5
3390,45,3m 110yds,1,5
3400,45,5f 6yds,B,5
3406,45,7f 16yds,3,5
3408,45,7f 16yds,5,5
3426,46,2m2f 110yds,5,5
3524,47,2m1f,G,5
3553,47,3m2f,4,5
3554,47,3m2f,5,5
3555,47,3m2f,D,5
3625,48,2m5f 110yds,5,5
3637,48,2m7f,5,5
3640,48,3m3f,D,5
3695,50,1m2f,6,5
3697,50,1m4f,4,5
3709,50,2m3f 110yds,3,5
3727,50,3m1f 110yds,3,5
3732,50,5f,5,5
3785,51,7f,C,5
3788,51,7f,F,5
3802,52,2m3f 110yds,3,5
3862,53,2m6f 110yds,D,5
3869,53,3m,D,5
3892,54,1m2f 110yds,F,5
3895,54,1m2f 188yds,3,5
3900,54,1m2f 188yds,D,5
3912,54,1m4f 134yds,G,5
3933,54,2m,5,5
3947,54,2m 39yds,E,5
4010,54,6f 21yds,D,5
4026,55,2m,2,5
4054,55,2m4f 110yds,B,5
4055,55,2m4f 110yds,C,5
4065,55,2m7f,3,5
4121,56,3m3f 110yds,2,5
4130,57,1m2f 7yds,A,5
4139,57,1m3f 135yds,3,5
4377,60,1m6f 175yds,C,5
4402,60,7f,A,5
4408,61,1m1f,4,5
4424,61,1m3f 101yds,3,5
4439,61,1m 3yds,E,5
4541,62,1m5f 197yds,1,5
4548,62,1m5f 197yds,C,5
4572,62,5f,1,5
4588,62,6f,3,5
4622,62,7f 205yds,B,5
32,1,2m,B,4
55,1,2m 45yds,C,4
67,1,2m6f,2,4
71,1,3m,2,4
74,1,3m,A,4
77,1,3m,D,4
80,1,3m1f 110yds,A,4
92,1,6f,4,4
125,2,1m1f 20yds,D,4
127,2,1m1f 20yds,F,4
142,2,1m2f 192yds,A,4
152,2,1m5f 13yds,F,4
160,2,1m7f,C,4
162,2,1m7f,F,4
173,2,2m,F,4
178,2,2m1f 105yds,D,4
219,2,5f,D,4
223,2,6f,3,4
258,3,2m1f 110yds,5,4
281,3,3m,F,4
285,3,3m 110yds,C,4
289,4,1m2f 46yds,3,4
298,4,1m3f 144yds,3,4
308,4,1m5f 22yds,4,4
325,4,1m 5yds,F,4
362,5,1m 100yds,F,4
363,5,1m 100yds,G,4
370,5,1m1f 207yds,C,4
395,5,2m 35yds,F,4
425,6,1m1f 209yds,7,4
427,6,1m1f 209yds,D,4
495,7,1m3f 206yds,6,4
504,7,1m6f 32yds,4,4
509,7,1m6f 32yds,F,4
517,7,2m1f,5,4
546,7,3m 110yds,5,4
564,7,5f,E,4
565,7,5f,F,4
570,7,5f 193yds,F,4
579,7,6f 192yds,F,4
615,8,3m2f,D,4
637,9,1m7f 177yds,E,4
656,9,3m1f 110yds,D,4
699,10,2m1f,A,4
702,10,2m1f,D,4
729,10,3m,D,4
784,11,2m2f,D,4
794,11,2m 49yds,F,4
817,11,3m2f 110yds,5,4
829,11,6f 16yds,C,4
836,11,7f 16yds,C,4
849,12,1m2f 75yds,E,4
850,12,1m3f 79yds,4,4
883,12,6f 18yds,3,4
894,12,7f 122yds,D,4
919,13,2m1f 110yds,C,4
933,13,2m3f 110yds,5,4
936,13,2m3f 110yds,E,4
948,13,2m7f,E,4
949,13,2m7f 110yds,2,4
977,14,1m,E,4
1005,14,1m6f 132yds,A,4
1006,14,1m6f 132yds,B,4
1007,14,1m6f 132yds,C,4
1010,14,2m 110yds,2,4
1023,14,2m2f,A,4
1045,14,3m,3,4
1052,14,3m 110yds,A,4
1059,14,5f,3,4
1069,14,5f 140yds,B,4
1086,14,7f,B,4
1113,15,1m4f,3,4
1126,15,1m5f,4,4
1138,15,1m6f,D,4
1195,15,7f 30yds,2,4
1211,16,1m 114yds,B,4
1232,16,1m4f 10yds,D,4
1254,16,7f,A,4
1265,17,2m 110yds,3,4
1315,18,2m,F,4
1326,18,2m4f 110yds,D,4
1375,19,2m2f,3,4
1395,19,2m4f,A,4
1420,19,3m3f,E,4
1453,20,1m1f 192yds,E,4
1463,20,1m4f,B,4
1466,20,1m4f,E,4
1469,20,1m6f,3,4
1471,20,1m6f,5,4
1475,20,1m6f,C,4
1480,20,2m,3,4
1485,20,2m,D,4
1489,20,2m5f,C,4
1495,20,5f,6,4
1537,21,1m4f 17yds,3,4
1569,21,5f 4yds,1,4
1584,21,6f 5yds,B,4
1585,21,6f 5yds,C,4
1601,22,1m2f 120yds,2,4
1606,22,1m2f 120yds,A,4
1659,22,1m6f,3,4
1684,22,2m 45yds,4,4
1707,22,2m7f 110yds,1,4
1714,22,2m7f 110yds,D,4
1720,22,3m,4,4
1754,22,7f 30yds,3,4
1755,22,7f 30yds,5,4
1758,22,7f 30yds,D,4
1759,22,7f 30yds,E,4
1765,23,2m,F,4
1779,23,2m3f 110yds,5,4
1788,23,2m5f 110yds,4,4
1802,24,2m,D,4
1831,24,3m1f,3,4
1832,24,3m1f,4,4
1852,25,2m4f 110yds,B,4
1883,26,2m 110yds,C,4
1923,26,3m3f,3,4
1952,27,1m2f,B,4
1970,27,1m4f,A,4
1991,27,2m,F,4
1998,27,2m5f,1,4
2014,27,3m 110yds,4,4
2017,27,3m 110yds,C,4
2022,27,5f,3,4
2041,27,7f,1,4
2079,28,5f,4,4
2100,29,1m3f 183yds,A,4
2101,29,1m3f 183yds,C,4
2121,29,1m 9yds,E,4
2147,29,5f 218yds,D,4
2153,29,5f 2yds,6,4
2155,29,5f 2yds,C,4
2156,29,5f 2yds,D,4
2170,29,7f 9yds,G,4
2193,30,1m 1yds,5,4
2246,30,1m5f,H,4
2248,30,1m6f,D,4
2250,30,1m7f 169yds,5,4
2262,30,2m,G,4
2291,30,3m,1,4
2292,30,3m,3,4
2309,30,5f,H,4
2358,30,7f 1yds,5,4
2372,31,2m 110yds,C,4
2383,31,2m4f,B,4
2396,31,3m 110yds,C,4
2400,31,3m1f,3,4
2489,33,2m6f,G,4
2498,33,3m,C,4
2544,34,1m3f 5yds,A,4
2564,34,1m5f 61yds,D,4
2582,34,2m 110yds,E,4
2590,34,2m3f,2,4
2607,34,2m5f,E,4
2610,34,2m6f 110yds,D,4
2631,34,5f 34yds,A,4
2657,34,7f 64yds,A,4
2727,35,2m 19yds,D,4
2734,35,2m4f,B,4
2749,35,3m,C,4
2759,35,5f,C,4
2762,35,5f,F,4
2766,35,6f,3,4
2799,36,1m1f,B,4
2801,36,1m2f,2,4
2832,36,2m2f,B,4
2838,36,5f,B,4
2856,36,7f,D,4
2859,37,2m 110yds,2,4
2878,37,2m3f,E,4
2925,38,1m 54yds,3,4
2959,38,2m 9yds,D,4
2971,38,6f 15yds,3,4
2976,38,6f 15yds,A,4
3060,41,1m2f 6yds,6,4
3074,41,1m4f 8yds,F,4
3082,41,1m 4yds,B,4
3099,41,2m1f 22yds,F,4
3152,42,1m3f,F,4
3158,42,1m6f 19yds,D,4
3161,42,2m 4yds,5,4
3172,42,5f,E,4
3194,42,7f,F,4
3195,42,7f,G,4
3232,43,2m,C,4
3271,44,1m1f 198yds,F,4
3295,44,5f,E,4
3311,44,6f 212yds,C,4
3314,44,6f 212yds,F,4
3340,45,1m2f 7yds,E,4
3358,45,2m 110yds,C,4
3367,45,2m4f 110yds,2,4
3369,45,2m4f 110yds,4,4
3376,45,2m6f,2,4
3386,45,2m 78yds,D,4
3411,45,7f 16yds,D,4
3415,46,2m 110yds,E,4
3445,46,3m3f,4,4
3449,46,3m3f 110yds,5,4
3450,46,3m3f 110yds,D,4
3468,47,1m2f,E,4
3470,47,1m3f,2,4
3526,47,2m4f 110yds,2,4
3541,47,2m5f 110yds,F,4
3548,47,3m 110yds,D,4
3552,47,3m2f,3,4
3559,47,5f,1,4
3570,47,5f,G,4
3598,48,2m 110yds,2,4
3663,49,2m3f,F,4
3673,49,2m7f 110yds,3,4
3753,51,1m4f,6,4
3760,51,2m,C,4
3771,51,5f,F,4
3805,52,2m3f 110yds,E,4
3845,53,2m4f 110yds,A,4
3856,53,2m6f 110yds,2,4
3881,54,1m 22yds,4,4
3887,54,1m 22yds,F,4
3909,54,1m4f 134yds,D,4
3923,54,1m6f 213yds,E,4
3936,54,2m,C,4
3962,54,2m5f,1,4
3968,54,2m5f,B,4
3991,54,5f,F,4
3994,54,5f 110yds,6,4
3997,54,5f 110yds,E,4
4005,54,6f 168yds,D,4
4031,55,2m,B,4
4041,55,2m3f 110yds,3,4
4064,55,2m6f 110yds,5,4
4068,55,2m7f,C,4
4070,55,2m7f,E,4
4085,55,3m1f,D,4
4086,55,3m1f,E,4
4120,56,3m1f 110yds,5,4
4126,57,1m2f 7yds,3,4
4129,57,1m2f 7yds,6,4
4132,57,1m2f 7yds,C,4
4135,57,1m2f 7yds,F,4
4143,57,1m3f 135yds,A,4
4153,57,1m 67yds,6,4
4164,57,2m4f,A,4
4175,57,5f 10yds,D,4
4183,57,6f,A,4
4243,58,2m 110yds,4,4
4254,58,2m 46yds,H,4
4304,59,2m,B,4
4333,59,3m,2,4
4359,60,1m2f,D,4
4376,60,1m6f 175yds,5,4
4390,60,6f,2,4
4418,61,1m2f 21yds,A,4
4423,61,1m2f 21yds,G,4
4433,61,1m 3yds,3,4
4444,61,1m6f 17yds,4,4
4457,61,2m,E,4
4465,61,5f 43yds,D,4
4495,62,1m 205yds,D,4
4508,62,1m2f 85yds,D,4
4515,62,1m2f 88yds,A,4
4523,62,1m3f 195yds,D,4
4526,62,1m3f 198yds,A,4
4542,62,1m5f 197yds,2,4
4544,62,1m5f 197yds,4,4
4546,62,1m5f 197yds,A,4
4554,62,1m6f,4,4
4560,62,2m2f,3,4
4610,62,6f 3yds,D,4
12,1,1m2f,4,3
50,1,2m3f 110yds,A,3
63,1,2m4f,E,3
75,1,3m,B,3
79,1,3m1f,3,3
96,1,6f 110yds,C,3
101,1,7f,A,3
164,2,2m,2,3
177,2,2m1f 105yds,5,3
189,2,2m5f,4,3
191,2,2m5f 110yds,3,3
206,2,3m 110yds,E,3
207,2,3m 110yds,F,3
208,2,3m1f,3,3
209,2,3m1f,4,3
286,3,3m6f,3,3
302,4,1m3f 144yds,C,3
304,4,1m3f 144yds,E,3
320,4,1m 5yds,A,3
336,4,5f 11yds,3,3
355,5,1m 100yds,3,3
431,6,1m3f 196yds,3,3
456,6,5f 59yds,7,3
461,6,6f 209yds,3,3
465,6,6f 209yds,7,3
471,6,7f 214yds,3,3
475,6,7f 214yds,7,3
476,6,7f 214yds,C,3
486,7,1m1f 61yds,D,3
488,7,1m3f 107yds,3,3
493,7,1m3f 206yds,4,3
497,7,1m3f 206yds,D,3
498,7,1m3f 206yds,E,3
508,7,1m6f 32yds,E,3
512,7,2m,5,3
520,7,2m1f,F,3
538,7,2m4f 110yds,F,3
563,7,5f,D,3
571,7,5f 207yds,E,3
581,7,6f 206yds,E,3
591,7,7f 214yds,D,3
592,7,7f 214yds,E,3
599,8,2m1f 110yds,F,3
642,9,2m,C,3
660,9,5f,3,3
674,9,7f,2,3
739,10,3m1f 110yds,B,3
740,10,3m1f 110yds,C,3
741,10,3m1f 110yds,D,3
753,11,1m 14yds,G,3
760,11,1m2f 36yds,C,3
764,11,1m2f 36yds,G,3
789,11,2m3f 110yds,5,3
790,11,2m3f 110yds,A,3
802,11,2m4f,C,3
819,11,5f 16yds,3,3
822,11,5f 16yds,C,3
830,11,6f 16yds,D,3
832,11,7f 16yds,3,3
887,12,6f 18yds,D,3
903,12,7f 2yds,E,3
921,13,2m1f 110yds,E,3
942,13,2m6f 110yds,3,3
952,13,2m7f 110yds,5,3
954,13,2m7f 110yds,E,3
963,13,3m 110yds,F,3
972,14,1m,6,3
984,14,1m2f 60yds,B,3
1030,14,2m3f,E,3
1031,14,2m3f 110yds,2,3
1038,14,2m3f 110yds,F,3
1054,14,3m 110yds,E,3
1097,15,1m,7,3
1114,15,1m4f,4,3
1127,15,1m5f,5,3
1153,15,2m,G,3
1251,16,7f,3,3
1255,16,7f,C,3
1294,18,1m1f 149yds,C,3
1319,18,2m1f 110yds,D,3
1354,18,5f,F,3
1365,18,6f 189yds,D,3
1374,19,2m2f,2,3
1379,19,2m2f,F,3
1397,19,2m4f,C,3
1402,19,2m6f,3,3
1412,19,3m2f 110yds,3,3
1416,19,3m3f,3,3
1434,20,1m,F,3
1454,20,1m3f,4,3
1479,20,2m,2,3
1538,21,1m4f 17yds,4,3
1556,21,1m 65yds,2,3
1567,21,5f 200yds,E,3
1598,22,1m2f 100yds,5,3
1648,22,1m3f 205yds,5,3
1653,22,1m4f,5,3
1672,22,2m,B,3
1697,22,2m4f 110yds,2,3
1703,22,2m6f,B,3
1704,22,2m6f,C,3
1711,22,2m7f 110yds,A,3
1712,22,2m7f 110yds,B,3
1726,22,3m4f 110yds,3,3
1787,23,2m5f 110yds,3,3
1796,23,3m2f,3,3
1826,24,3m,3,3
1834,24,3m1f,E,3
1835,24,4m,3,3
1836,24,4m,4,3
1867,25,3m,D,3
1868,25,3m,E,3
1878,26,2m 110yds,2,3
1882,26,2m 110yds,B,3
1888,26,2m1f,3,3
1898,26,2m2f,A,3
1913,26,2m7f 110yds,2,3
1916,26,2m7f 110yds,5,3
1920,26,3m1f,5,3
1926,26,3m3f,F,3
1976,27,1m6f 92yds,C,3
1978,27,1m6f 92yds,E,3
1992,27,2m2f,4,3
2020,27,3m1f,D,3
2040,27,6f,E,3
2068,28,1m5f 66yds,5,3
2087,29,1m1f 218yds,3,3
2111,29,1m 8yds,D,3
2126,29,2m,C,3
2145,29,5f 218yds,6,3
2159,29,7f 9yds,2,3
2165,29,7f 9yds,A,3
2188,30,1m1f,D,3
2210,30,1m2f 59yds,D,3
2216,30,1m3f 106yds,D,3
2220,30,1m4f,1,3
2251,30,1m7f 169yds,6,3
2263,30,2m,H,3
2279,30,2m4f,4,3
2280,30,2m4f,5,3
2285,30,2m7f,3,3
2331,30,6f 1yds,6,3
2360,31,2m,1,3
2371,31,2m 110yds,B,3
2391,31,3m 110yds,2,3
2398,31,3m 110yds,E,3
2399,31,3m1f,1,3
2414,32,2m4f,E,3
2437,33,2m1f,3,3
2477,33,2m5f 110yds,B,3
2479,33,2m5f 110yds,E,3
2482,33,2m6f,2,3
2485,33,2m6f,B,3
2501,33,3m,F,3
2502,33,3m,G,3
2507,33,3m4f 110yds,3,3
2513,34,1m,3,3
2539,34,1m2f 6yds,F,3
2545,34,1m3f 5yds,B,3
2546,34,1m3f 5yds,D,3
2550,34,1m4f 5yds,3,3
2573,34,2m,D,3
2589,34,2m2f 110yds,D,3
2622,34,3m 110yds,E,3
2656,34,7f,E,3
2665,35,1m,C,3
2667,35,1m,E,3
2674,35,1m2f 32yds,3,3
2691,35,1m 3yds,E,3
2692,35,1m 3yds,F,3
2704,35,1m6f 97yds,F,3
2711,35,2m,B,3
2722,35,2m 19yds,3,3
2730,35,2m4f,2,3
2754,35,5f,3,3
2784,35,7f,E,3
2809,36,1m2f,E,3
2818,36,1m4f,D,3
2836,36,5f,5,3
2848,36,6f,D,3
2867,37,2m1f,C,3
2876,37,2m3f,C,3
2903,37,3m3f,C,3
2977,38,6f 15yds,D,3
2984,39,2m,5,3
2985,39,2m 110yds,2,3
2989,39,2m 110yds,C,3
2998,39,2m4f 110yds,C,3
3008,39,3m 110yds,5,3
3014,39,3m3f,D,3
3026,40,2m1f,5,3
3070,41,1m4f 8yds,6,3
3076,41,1m 4yds,2,3
3091,41,2m1f 216yds,C,3
3097,41,2m1f 22yds,D,3
3106,41,5f,6,3
3115,41,6f,6,3
3134,42,1m1f,D,3
3136,42,1m1f,F,3
3137,42,1m1f,G,3
3148,42,1m3f,5,3
3153,42,1m6f 19yds,3,3
3170,42,5f,C,3
3181,42,6f,E,3
3191,42,7f,C,3
3208,43,1m1f,D,3
3220,43,1m4f 10yds,4,3
3224,43,1m4f 60yds,C,3
3238,43,5f,C,3
3279,44,1m6f 15yds,2,3
3281,44,1m6f 15yds,4,3
3329,45,1m1f,D,3
3366,45,2m4f 110yds,1,3
3374,45,2m4f 110yds,E,3
3385,45,2m 78yds,C,3
3407,45,7f 16yds,4,3
3425,46,2m2f 110yds,4,3
3436,46,2m5f 110yds,3,3
3444,46,2m6f,4,3
3476,47,1m3f,C,3
3483,47,1m4f,2,3
3517,47,2m,H,3
3518,47,2m1f,3,3
3520,47,2m1f,5,3
3533,47,2m4f 110yds,F,3
3547,47,3m 110yds,C,3
3558,47,3m2f,G,3
3624,48,2m5f 110yds,4,3
3630,48,2m6f 110yds,C,3
3662,49,2m3f,E,3
3700,50,1m6f,3,3
3701,50,1m6f,4,3
3703,50,1m6f,6,3
3712,50,2m4f,2,3
3730,50,5f,3,3
3731,50,5f,4,3
3734,50,6f,2,3
3738,50,6f,6,3
3749,51,1m4f,2,3
3789,51,7f,G,3
3801,52,2m 110yds,E,3
3838,53,2m4f,3,3
3850,53,2m4f 110yds,F,3
3884,54,1m 22yds,C,3
3922,54,1m6f 213yds,D,3
3952,54,2m3f,D,3
3953,54,2m3f,E,3
3956,54,2m3f 13yds,E,3
3964,54,2m5f,3,3
3967,54,2m5f,A,3
3984,54,3m5f,3,3
3985,54,3m5f,4,3
3996,54,5f 110yds,D,3
4015,54,7f 164yds,G,3
4030,55,2m,A,3
4043,55,2m3f 110yds,5,3
4076,55,3m 110yds,4,3
4123,56,3m3f 110yds,4,3
4131,57,1m2f 7yds,B,3
4158,57,1m 67yds,G,3
4162,57,2m,D,3
4168,57,3m 110yds,E,3
4174,57,5f 10yds,C,3
4196,58,1m 141yds,1,3
4242,58,2m,G,3
4244,58,2m 119yds,2,3
4255,58,2m4f 110yds,D,3
4258,58,2m4f 110yds,G,3
4259,58,3m1f,E,3
4260,58,3m1f,F,3
4274,58,5f 216yds,1,3
4310,59,2m 110yds,3,3
4368,60,1m4f,B,3
4396,60,6f,E,3
4405,60,7f,D,3
4417,61,1m2f 21yds,7,3
4437,61,1m 3yds,7,3
4448,61,1m6f 17yds,D,3
4460,61,5f 43yds,2,3
4492,62,1m 205yds,A,3
4499,62,1m 208yds,3,3
4507,62,1m2f 85yds,C,3
4509,62,1m2f 85yds,E,3
4518,62,1m2f 88yds,D,3
4521,62,1m3f 195yds,B,3
4524,62,1m3f 195yds,E,3
4529,62,1m3f 198yds,D,3
4538,62,1m5f 194yds,B,3
4540,62,1m5f 194yds,D,3
4545,62,1m5f 197yds,5,3
4556,62,1m7f 195yds,A,3
4576,62,5f,5,3
4577,62,5f,B,3
4579,62,5f,D,3
4581,62,5f 3yds,C,3
4595,62,6f 214yds,A,3
4596,62,6f 214yds,B,3
4597,62,6f 214yds,C,3
4599,62,6f 214yds,E,3
4607,62,6f 3yds,A,3
4616,62,7f 202yds,A,3
4623,62,7f 205yds,D,3
16,1,1m2f,D,2
24,1,1m4f,D,2
27,1,1m6f,3,2
34,1,2m,D,2
42,1,2m1f,4,2
51,1,2m3f 110yds,D,2
52,1,2m 45yds,1,2
88,1,5f,D,2
104,1,7f,D,2
115,2,1m,G,2
118,2,1m1f,5,2
119,2,1m1f,6,2
120,2,1m1f 20yds,2,2
145,2,1m5f 13yds,2,2
147,2,1m5f 13yds,4,2
154,2,1m6f,4,2
175,2,2m1f 105yds,3,2
179,2,2m4f,2,2
193,2,2m5f 110yds,5,2
195,2,2m6f,4,2
204,2,3m 110yds,B,2
221,2,6f,1,2
234,2,7f,F,2
235,2,7f 50yds,2,2
254,3,2m1f,G,2
255,3,2m1f 110yds,2,2
259,3,2m1f 110yds,D,2
261,3,2m4f,2,2
273,3,2m4f 110yds,E,2
287,3,3m6f,4,2
307,4,1m5f 22yds,3,2
326,4,1m 5yds,G,2
327,4,2m1f 34yds,2,2
334,4,2m1f 34yds,F,2
344,4,5f 11yds,G,2
354,4,5f 161yds,G,2
375,5,1m3f 216yds,D,2
378,5,1m3f 216yds,G,2
387,5,1m4f 16yds,G,2
391,5,2m 35yds,6,2
402,5,5f,7,2
415,5,7f 100yds,C,2
421,6,1m1f 209yds,3,2
426,6,1m1f 209yds,A,2
435,6,1m3f 196yds,7,2
446,6,5f 213yds,7,2
481,6,7f 214yds,H,2
501,7,1m4f,E,2
502,7,1m4f,F,2
521,7,2m1f 52yds,4,2
527,7,2m3f 110yds,5,2
541,7,2m5f,4,2
547,7,3m 110yds,D,2
572,7,5f 207yds,F,2
580,7,6f 206yds,D,2
582,7,6f 206yds,F,2
587,7,7f 200yds,7,2
625,9,1m5f 175yds,3,2
636,9,1m7f 177yds,D,2
658,9,3m1f 110yds,F,2
685,10,2m,3,2
705,10,2m4f,3,2
718,10,2m5f,D,2
732,10,3m 110yds,A,2
733,10,3m 110yds,B,2
745,11,1m 14yds,2,2
747,11,1m 14yds,4,2
756,11,1m2f 36yds,3,2
765,11,1m2f 36yds,H,2
770,11,1m4f 23yds,E,2
776,11,2m 110yds,B,2
782,11,2m2f,5,2
792,11,2m 49yds,5,2
852,12,1m4f 66yds,2,2
865,12,1m7f 195yds,5,2
876,12,5f 16yds,6,2
892,12,7f 122yds,6,2
920,13,2m1f 110yds,D,2
922,13,2m1f 110yds,G,2
934,13,2m3f 110yds,B,2
941,13,2m6f,E,2
964,13,3m1f 110yds,3,2
965,13,3m1f 110yds,4,2
1025,14,2m3f,2,2
1039,14,2m4f,A,2
1051,14,3m 110yds,5,2
1103,15,1m1f,2,2
1108,15,1m1f,7,2
1125,15,1m5f,3,2
1130,15,1m5f,F,2
1131,15,1m6f,1,2
1137,15,1m6f,7,2
1142,15,2m,1,2
1155,15,2m1f,C,2
1167,15,3m,3,2
1173,15,3m,G,2
1178,15,3m 110yds,D,2
1188,15,5f,7,2
1194,15,5f,G,2
1212,16,1m 114yds,C,2
1245,16,6f,5,2
1249,16,7f,1,2
1279,17,2m5f 110yds,E,2
1293,18,1m1f 149yds,7,2
1295,18,1m1f 149yds,D,2
1306,18,1m4f,G,2
1309,18,1m7f 92yds,7,2
1325,18,2m4f 110yds,C,2
1338,18,2m 93yds,4,2
1346,18,3m4f,F,2
1360,18,6f,7,2
1361,18,6f,D,2
1367,18,7f,3,2
1378,19,2m2f,E,2
1380,19,2m2f 110yds,2,2
1398,19,2m4f,D,2
1421,19,3m3f,G,2
1440,20,1m1f,6,2
1444,20,1m1f,F,2
1506,20,6f,A,2
1520,20,7f,E,2
1525,21,1m1f 36yds,B,2
1536,21,1m4f 17yds,2,2
1541,21,1m4f 17yds,A,2
1565,21,1m 65yds,G,2
1605,22,1m2f 120yds,6,2
1607,22,1m2f 120yds,B,2
1628,22,1m 30yds,6,2
1646,22,1m3f 200yds,F,2
1649,22,1m4f,1,2
1655,22,1m 58yds,5,2
1657,22,1m6f,1,2
1664,22,1m6f,E,2
1676,22,2m,F,2
1686,22,2m 45yds,E,2
1687,22,2m4f,1,2
1698,22,2m4f 110yds,3,2
1699,22,2m4f 110yds,4,2
1701,22,2m6f,2,2
1709,22,2m7f 110yds,3,2
1710,22,2m7f 110yds,4,2
1722,22,3m1f,2,2
1723,22,3m1f,4,2
1724,22,3m4f,2,2
1725,22,3m4f,3,2
1742,22,6f,6,2
1761,23,2m,3,2
1789,23,2m5f 110yds,5,2
1792,23,3m1f 110yds,3,2
1806,24,2m 110yds,2,2
1853,25,2m4f 110yds,C,2
1875,25,3m2f,G,2
1876,26,2m,D,2
1887,26,2m1f,2,2
1892,26,2m1f,E,2
1899,26,2m2f,B,2
1904,26,2m4f 110yds,4,2
1921,26,3m2f,3,2
1925,26,3m3f,E,2
1927,26,3m4f,4,2
1954,27,1m2f,D,2
1964,27,1m4f,2,2
1975,27,1m6f 92yds,5,2
2010,27,3m,A,2
2021,27,5f,1,2
2060,28,1m2f,2,2
2074,28,1m6f,6,2
2075,28,2m,2,2
2076,28,2m,6,2
2078,28,5f,3,2
2082,28,6f,2,2
2091,29,1m1f 218yds,7,2
2094,29,1m1f 218yds,G,2
2134,29,2m4f 110yds,C,2
2142,29,5f 218yds,3,2
2149,29,5f 2yds,2,2
2154,29,5f 2yds,7,2
2164,29,7f 9yds,7,2
2185,30,1m1f,5,2
2187,30,1m1f,C,2
2191,30,1m 1yds,3,2
2227,30,1m4f,B,2
2235,30,1m5f,2,2
2241,30,1m5f,C,2
2252,30,2m,1,2
2267,30,2m 110yds,C,2
2274,30,2m3f 110yds,B,2
2282,30,2m4f 110yds,4,2
2284,30,2m4f 110yds,E,2
2287,30,2m7f,5,2
2303,30,5f,B,2
2308,30,5f,G,2
2310,30,5f 6yds,4,2
2312,30,5f 6yds,6,2
2324,30,6f,f,2
2347,30,7f 140yds,1,2
2348,30,7f 140yds,3,2
2349,30,7f 140yds,4,2
2355,30,7f 140yds,F,2
2363,31,2m,A,2
2375,31,2m1f,2,2
2387,31,2m4f,F,2
2389,31,2m5f 110yds,3,2
2395,31,3m 110yds,B,2
2397,31,3m 110yds,D,2
2411,32,2m4f,5,2
2413,32,2m4f,D,2
2415,32,2m4f,F,2
2431,32,3m,G,2
2433,32,3m2f 110yds,E,2
2434,32,3m2f 110yds,F,2
2440,33,2m1f 110yds,1,2
2454,33,2m3f,2,2
2458,33,2m3f 110yds,2,2
2462,33,2m3f 110yds,B,2
2495,33,3m,2,2
2506,33,3m1f,5,2
2508,33,3m4f 110yds,4,2
2510,33,3m5f,5,2
2518,34,1m,C,2
2519,34,1m,D,2
2520,34,1m,E,2
2526,34,1m1f,D,2
2527,34,1m1f,E,2
2528,34,1m1f,F,2
2542,34,1m3f 5yds,4,2
2549,34,1m4f 5yds,2,2
2588,34,2m2f 110yds,C,2
2600,34,2m5f,2,2
2609,34,2m6f 110yds,4,2
2634,34,5f 34yds,D,2
2635,34,5f 34yds,F,2
2639,34,6f 8yds,3,2
2640,34,6f 8yds,4,2
2646,34,6f 8yds,E,2
2661,35,1m,3,2
2679,35,1m2f 32yds,C,2
2685,35,1m 3yds,3,2
2703,35,1m6f 97yds,E,2
2706,35,2m,2,2
2712,35,2m,C,2
2719,35,2m 110yds,C,2
2735,35,2m4f,C,2
2776,35,6f,G,2
2786,35,7f,G,2
2790,36,1m,4,2
2795,36,1m,E,2
2813,36,1m4f,4,2
2820,36,1m4f,F,2
2823,36,1m6f,B,2
2834,36,5f,2,2
2839,36,5f,C,2
2866,37,2m1f,B,2
2882,37,2m5f 110yds,2,2
2891,37,2m6f,B,2
2900,37,3m3f,3,2
2904,37,3m3f,D,2
2919,38,1m2f 50yds,2,2
2943,38,1m6f 15yds,A,2
2956,38,2m 9yds,3,2
2970,38,6f 15yds,2,2
2975,38,6f 15yds,7,2
2981,38,6f 15yds,H,2
2994,39,2m4f 110yds,2,2
3002,39,2m4f 110yds,G,2
3015,40,2m,2,2
3023,40,2m,G,2
3052,40,3m2f,3,2
3081,41,1m 4yds,A,2
3083,41,1m 4yds,C,2
3120,41,6f,F,2
3139,42,1m2f,3,2
3140,42,1m2f,4,2
3149,42,1m3f,6,2
3157,42,1m6f 19yds,C,2
3163,42,2m 4yds,D,2
3174,42,6f,2,2
3217,43,1m2f 190yds,5,2
3227,43,1m4f 60yds,F,2
3229,43,2m,4,2
3235,43,5f,3,2
3241,43,5f,F,2
3247,43,6f,6,2
3253,44,1m,3,2
3254,44,1m,4,2
3275,44,1m4f,C,2
3280,44,1m6f 15yds,3,2
3293,44,5f,6,2
3301,44,6f,A,2
3341,45,1m3f 91yds,D,2
3349,45,2m,4,2
3351,45,2m,D,2
3371,45,2m4f 110yds,B,2
3381,45,2m6f,E,2
3389,45,3m,B,2
3393,45,3m 110yds,A,2
3404,45,7f 16yds,1,2
3424,46,2m2f 110yds,2,2
3427,46,2m4f,2,2
3432,46,2m5f,4,2
3439,46,2m5f 110yds,B,2
3469,47,1m2f,F,2
3506,47,2m,2,2
3512,47,2m,C,2
3525,47,2m2f,4,2
3530,47,2m4f 110yds,C,2
3538,47,2m5f 110yds,C,2
3539,47,2m5f 110yds,D,2
3551,47,3m 110yds,G,2
3585,47,7f,1,2
3619,48,2m3f,G,2
3641,48,3m3f,E,2
3644,48,3m4f,4,2
3647,49,2m 110yds,5,2
3649,49,2m1f,1,2
3687,50,1m,3,2
3689,50,1m,5,2
3702,50,1m6f,5,2
3708,50,2m,6,2
3718,50,2m5f,5,2
3722,50,3m,2,2
3768,51,5f,C,2
3772,51,6f,2,2
3793,52,2m,C,2
3800,52,2m 110yds,D,2
3815,52,2m6f,3,2
3821,52,3m,C,2
3864,53,2m6f 110yds,F,2
3872,53,3m 110yds,B,2
3878,54,1m 20yds,5,2
3886,54,1m 22yds,E,2
3893,54,1m2f 110yds,G,2
3901,54,1m2f 188yds,E,2
3913,54,1m4f 56yds,D,2
3915,54,1m4f 56yds,F,2
3917,54,1m6f 135yds,E,2
3941,54,2m 110yds,C,2
3942,54,2m 110yds,D,2
3943,54,2m2f,D,2
3949,54,2m3f,1,2
3987,54,5f,6,2
3992,54,5f 110yds,4,2
4013,54,7f,5,2
4023,54,7f 26yds,E,2
4024,54,7f 26yds,G,2
4059,55,2m4f 110yds,G,2
4074,55,2m7f 110yds,D,2
4075,55,3m 110yds,3,2
4077,55,3m 110yds,5,2
4106,56,2m5f,A,2
4107,56,2m5f,D,2
4125,57,1m2f 7yds,2,2
4161,57,2m,C,2
4163,57,2m,E,2
4172,57,5f 10yds,6,2
4173,57,5f 10yds,B,2
4213,58,1m1f 79yds,f,2
4223,58,1m4f 50yds,1,2
4230,58,1m5f 194yds,2,2
4236,58,1m6f 166yds,D,2
4240,58,1m6f 166yds,H,2
4245,58,2m 119yds,3,2
4257,58,2m4f 110yds,F,2
4281,58,6f,B,2
4331,59,2m7f 110yds,4,2
4337,59,3m,B,2
4371,60,1m4f,E,2
4372,60,1m5f,2,2
4381,60,2m 24yds,B,2
4412,61,1m2f 21yds,2,2
4442,61,1m6f 17yds,1,2
4452,61,2m,3,2
4456,61,2m,C,2
4458,61,2m,F,2
4467,61,6f 3yds,2,2
4472,61,6f 3yds,7,2
4481,61,7f 3yds,7,2
4486,61,7f 3yds,G,2
4490,62,1m,4,2
4493,62,1m 205yds,B,2
4496,62,1m 205yds,E,2
4501,62,1m 208yds,5,2
4503,62,1m 208yds,B,2
4504,62,1m 208yds,D,2
4517,62,1m2f 88yds,C,2
4525,62,1m3f 198yds,3,2
4527,62,1m3f 198yds,B,2
4535,62,1m4f,5,2
4547,62,1m5f 197yds,B,2
4557,62,1m7f 198yds,1,2
4558,62,1m7f 198yds,A,2
4569,62,2m 88yds,2,2
4580,62,5f 3yds,B,2
4598,62,6f 214yds,D,2
4602,62,6f 217yds,A,2
4604,62,6f 217yds,C,2
4609,62,6f 3yds,C,2
4615,62,7f,5,2
4621,62,7f 205yds,A,2
25,1,1m4f,E,1
31,1,2m,4,1
33,1,2m,C,1
45,1,2m3f,4,1
105,2,1m,1,1
113,2,1m,E,1
116,2,1m,H,1
117,2,1m1f,3,1
121,2,1m1f 20yds,3,1
138,2,1m2f,H,1
139,2,1m2f 192yds,1,1
140,2,1m2f 192yds,3,1
141,2,1m2f 192yds,5,1
153,2,1m5f 13yds,H,1
155,2,1m6f,5,1
156,2,1m7f,3,1
158,2,1m7f,5,1
161,2,1m7f,E,1
174,2,2m1f 105yds,2,1
194,2,2m6f,2,1
197,2,2m6f,C,1
198,2,2m6f,D,1
216,2,5f,7,1
217,2,5f,A,1
228,2,6f,C,1
231,2,6f,H,1
244,2,7f 50yds,H,1
249,3,2m1f,B,1
256,3,2m1f 110yds,3,1
271,3,2m4f 110yds,5,1
282,3,3m 110yds,2,1
288,4,1m2f 46yds,2,1
297,4,1m3f 144yds,2,1
314,4,1m 5yds,2,1
319,4,1m 5yds,7,1
321,4,1m 5yds,B,1
328,4,2m1f 34yds,3,1
345,4,5f 161yds,2,1
364,5,1m 100yds,H,1
369,5,1m1f 207yds,7,1
374,5,1m1f 207yds,H,1
379,5,1m4f 16yds,3,1
383,5,1m4f 16yds,7,1
384,5,1m4f 16yds,D,1
388,5,1m4f 16yds,H,1
392,5,2m 35yds,C,1
403,5,5f,A,1
408,5,5f,H,1
410,5,7f 100yds,3,1
414,5,7f 100yds,7,1
419,5,7f 100yds,G,1
420,5,7f 100yds,H,1
440,6,1m3f 196yds,H,1
441,6,5f 213yds,2,1
442,6,5f 213yds,3,1
447,6,5f 213yds,C,1
452,6,5f 59yds,3,1
460,6,5f 59yds,H,1
470,6,6f 209yds,H,1
482,7,1m1f 61yds,3,1
490,7,1m3f 107yds,5,1
492,7,1m3f 206yds,3,1
494,7,1m3f 206yds,5,1
496,7,1m3f 206yds,7,1
500,7,1m4f,D,1
503,7,1m6f 32yds,3,1
514,7,2m1f,2,1
522,7,2m1f 52yds,5,1
525,7,2m3f 110yds,3,1
528,7,2m4f,1,1
529,7,2m4f,2,1
536,7,2m4f 110yds,D,1
539,7,2m5f,2,1
542,7,2m5f,5,1
549,7,3m 110yds,F,1
550,7,3m1f,2,1
551,7,3m1f,3,1
554,7,3m1f,F,1
557,7,3m4f,3,1
558,7,3m4f,5,1
562,7,5f,7,1
576,7,6f 192yds,7,1
593,7,7f 214yds,F,1
601,8,2m5f,E,1
617,9,1m3f 214yds,2,1
632,9,1m5f 175yds,G,1
650,9,2m3f,C,1
693,10,2m 110yds,C,1
709,10,2m4f 110yds,4,1
710,10,2m4f 110yds,A,1
711,10,2m4f 110yds,B,1
734,10,3m 110yds,D,1
742,10,3m2f,B,1
743,10,3m2f,D,1
746,11,1m 14yds,3,1
754,11,1m 14yds,H,1
755,11,1m2f 36yds,1,1
796,11,2m4f,2,1
805,11,2m4f,F,1
811,11,3m,A,1
815,11,3m,E,1
824,11,5f 16yds,H,1
826,11,6f 16yds,4,1
840,11,7f 16yds,H,1
853,12,1m4f 66yds,3,1
869,12,5f 110yds,2,1
870,12,5f 110yds,3,1
875,12,5f 16yds,5,1
882,12,6f 18yds,2,1
905,13,2m1f,2,1
909,13,2m1f,A,1
935,13,2m3f 110yds,D,1
940,13,2m6f,D,1
944,13,2m6f 110yds,5,1
957,13,3m,5,1
960,13,3m 110yds,C,1
983,14,1m2f 60yds,A,1
988,14,1m2f 60yds,F,1
999,14,1m4f,F,1
1002,14,1m6f 132yds,3,1
1021,14,2m2f,2,1
1022,14,2m2f,3,1
1028,14,2m3f,C,1
1029,14,2m3f,D,1
1042,14,2m4f,F,1
1043,14,2m4f,G,1
1055,14,3m2f,3,1
1056,14,3m2f,4,1
1057,14,5f,1,1
1066,14,5f 140yds,1,1
1068,14,5f 140yds,3,1
1090,14,7f,F,1
1092,15,1m,2,1
1098,15,1m,B,1
1102,15,1m,G,1
1104,15,1m1f,3,1
1112,15,1m4f,2,1
1117,15,1m4f,7,1
1118,15,1m4f,C,1
1129,15,1m5f,D,1
1148,15,2m,A,1
1154,15,2m1f,2,1
1156,15,2m1f,D,1
1157,15,2m1f,F,1
1158,15,2m1f,G,1
1159,15,2m2f 37yds,5,1
1163,15,2m4f,C,1
1169,15,3m,5,1
1174,15,3m 110yds,2,1
1180,15,3m 110yds,F,1
1181,15,3m3f,F,1
1182,15,5f,1,1
1189,15,5f,B,1
1200,15,7f 30yds,7,1
1201,15,7f 30yds,C,1
1207,16,1m 114yds,3,1
1215,16,1m2f 18yds,1,1
1234,16,5f,1,1
1241,16,5f,D,1
1250,16,7f,2,1
1268,17,2m 110yds,E,1
1288,17,3m 110yds,5,1
1298,18,1m1f 149yds,G,1
1302,18,1m4f,7,1
1311,18,2m,3,1
1312,18,2m,4,1
1314,18,2m,D,1
1330,18,2m5f,4,1
1332,18,2m5f,F,1
1341,18,2m 93yds,D,1
1343,18,3m1f,3,1
1347,18,5f,3,1
1351,18,5f,7,1
1355,18,6f,2,1
1356,18,6f,3,1
1366,18,6f 189yds,E,1
1371,18,7f,7,1
1384,19,2m2f 110yds,B,1
1396,19,2m4f,B,1
1415,19,3m3f,2,1
1419,19,3m3f,D,1
1435,20,1m1f,1,1
1438,20,1m1f,4,1
1452,20,1m1f 192yds,C,1
1456,20,1m3f,E,1
1470,20,1m6f,4,1
1472,20,1m6f,6,1
1476,20,1m6f,D,1
1477,20,1m6f,E,1
1483,20,2m,6,1
1487,20,2m4f,C,1
1493,20,5f,4,1
1497,20,5f,B,1
1505,20,6f,6,1
1543,21,1m4f 17yds,D,1
1546,21,1m5f 9yds,1,1
1551,21,1m5f 9yds,B,1
1552,21,1m5f 9yds,C,1
1566,21,5f 200yds,C,1
1568,21,5f 200yds,F,1
1570,21,5f 4yds,3,1
1574,21,5f 4yds,A,1
1578,21,6f 5yds,1,1
1594,22,1m 13yds,4,1
1595,22,1m 20yds,5,1
1596,22,1m 27yds,4,1
1597,22,1m 27yds,5,1
1599,22,1m2f 115yds,5,1
1613,22,1m2f 122yds,4,1
1614,22,1m2f 128yds,5,1
1615,22,1m2f 132yds,5,1
1616,22,1m2f 153yds,4,1
1617,22,1m2f 153yds,5,1
1629,22,1m 30yds,A,1
1633,22,1m 33yds,4,1
1634,22,1m 33yds,5,1
1635,22,1m 37yds,5,1
1647,22,1m3f 205yds,4,1
1650,22,1m4f,2,1
1651,22,1m4f,3,1
1652,22,1m4f,4,1
1654,22,1m 58yds,3,1
1656,22,1m 5yds,3,1
1665,22,1m6f 20yds,5,1
1666,22,1m6f 37yds,4,1
1679,22,2m 110yds,4,1
1680,22,2m1f,2,1
1681,22,2m 27yds,3,1
1683,22,2m 45yds,3,1
1691,22,2m4f,A,1
1700,22,2m5f,2,1
1702,22,2m6f,4,1
1706,22,2m7f,2,1
1713,22,2m7f 110yds,C,1
1716,22,2m7f 110yds,F,1
1727,22,3m5f,3,1
1730,22,5f,3,1
1746,22,6f,E,1
1751,22,7f 13yds,4,1
1752,22,7f 27yds,1,1
1760,22,7f 37yds,3,1
1766,23,2m1f,2,1
1776,23,2m3f,D,1
1777,23,2m3f 110yds,3,1
1795,23,3m2f,2,1
1799,23,3m2f,D,1
1805,24,2m,G,1
1810,24,2m 110yds,C,1
1815,24,2m4f 110yds,2,1
1819,24,2m4f 110yds,B,1
1824,24,2m7f,3,1
1825,24,2m7f,4,1
1840,25,2m 110yds,A,1
1841,25,2m 110yds,B,1
1866,25,3m,5,1
1871,25,3m2f,C,1
1877,26,2m,E,1
1886,26,2m 110yds,F,1
1890,26,2m1f,5,1
1891,26,2m1f,D,1
1917,26,3m1f,2,1
1922,26,3m3f,2,1
1935,27,1m,A,1
1940,27,1m1f,6,1
1955,27,1m2f,E,1
1956,27,1m2f,H,1
1974,27,1m4f,H,1
1993,27,2m4f 110yds,1,1
1997,27,2m4f 110yds,C,1
2002,27,2m5f,5,1
2003,27,2m5f,B,1
2016,27,3m 110yds,B,1
2019,27,3m 110yds,E,1
2028,27,5f,C,1
2030,27,5f,E,1
2031,27,5f,H,1
2051,27,7f,H,1
2052,28,1m,2,1
2057,28,1m,7,1
2058,28,1m1f 46yds,2,1
2059,28,1m1f 46yds,3,1
2065,28,1m2f,7,1
2066,28,1m5f 66yds,2,1
2067,28,1m5f 66yds,3,1
2070,28,1m5f 66yds,7,1
2071,28,1m6f,3,1
2077,28,5f,2,1
2099,29,1m3f 183yds,7,1
2105,29,1m 60yds,2,1
2110,29,1m 60yds,7,1
2112,29,1m 8yds,E,1
2114,29,1m 9yds,2,1
2115,29,1m 9yds,4,1
2116,29,1m 9yds,5,1
2117,29,1m 9yds,6,1
2118,29,1m 9yds,7,1
2119,29,1m 9yds,C,1
2141,29,3m,D,1
2146,29,5f 218yds,7,1
2169,29,7f 9yds,F,1
2178,30,1m,A,1
2189,30,1m1f,F,1
2190,30,1m 1yds,2,1
2192,30,1m 1yds,4,1
2211,30,1m2f 59yds,F,1
2212,30,1m3f 106yds,1,1
2213,30,1m3f 106yds,4,1
2218,30,1m3f 106yds,F,1
2249,30,1m7f 169yds,2,1
2258,30,2m,7,1
2270,30,2m3f 110yds,1,1
2275,30,2m3f 110yds,C,1
2276,30,2m3f 110yds,D,1
2278,30,2m4f,3,1
2281,30,2m4f 110yds,3,1
2290,30,2m7f,F,1
2295,30,3m,E,1
2311,30,5f 6yds,5,1
2320,30,6f,A,1
2328,30,6f 1yds,2,1
2329,30,6f 1yds,4,1
2356,30,7f 1yds,2,1
2357,30,7f 1yds,4,1
2364,31,2m,B,1
2369,31,2m 110yds,5,1
2404,32,2m,C,1
2412,32,2m4f,C,1
2416,32,2m5f,2,1
2420,32,2m5f,C,1
2427,32,3m,C,1
2436,33,2m1f,2,1
2453,33,2m2f,5,1
2471,33,2m4f,D,1
2472,33,2m4f,F,1
2494,33,2m6f 110yds,E,1
2503,33,3m1f,2,1
2515,34,1m,5,1
2521,34,1m1f,2,1
2525,34,1m1f,C,1
2541,34,1m3f 5yds,2,1
2547,34,1m3f 5yds,E,1
2554,34,1m4f 5yds,B,1
2556,34,1m4f 5yds,E,1
2558,34,1m5f 61yds,2,1
2560,34,1m5f 61yds,4,1
2567,34,1m 7yds,5,1
2568,34,2m,2,1
2571,34,2m,B,1
2585,34,2m1f,D,1
2596,34,2m3f,F,1
2604,34,2m5f,B,1
2605,34,2m5f,C,1
2619,34,3m 110yds,B,1
2623,34,3m 110yds,F,1
2628,34,5f 34yds,3,1
2636,34,6f 110yds,3,1
2658,34,7f 64yds,B,1
2659,34,7f 64yds,C,1
2660,34,7f 64yds,D,1
2662,35,1m,4,1
2670,35,1m1f 9yds,6,1
2689,35,1m 3yds,B,1
2700,35,1m6f 97yds,4,1
2718,35,2m 110yds,5,1
2720,35,2m 110yds,E,1
2729,35,2m 19yds,F,1
2744,35,3m,2,1
2748,35,3m,B,1
2763,35,5f,G,1
2771,35,6f,B,1
2825,36,2m,2,1
2828,36,2m,B,1
2829,36,2m,C,1
2830,36,2m2f,1,1
2842,36,6f,3,1
2857,36,7f,E,1
2858,36,7f,F,1
2872,37,2m3f,2,1
2888,37,2m6f,3,1
2907,38,1m1f,5,1
2908,38,1m1f 213yds,2,1
2913,38,1m1f 213yds,7,1
2917,38,1m1f 213yds,H,1
2918,38,1m2f 50yds,1,1
2929,38,1m 54yds,7,1
2935,38,1m 54yds,H,1
2937,38,1m6f 15yds,2,1
2942,38,1m6f 15yds,7,1
2944,38,1m6f 15yds,B,1
2945,38,1m6f 15yds,C,1
2950,38,1m6f 15yds,H,1
2961,38,5f 13yds,2,1
3009,39,3m 110yds,C,1
3019,40,2m,B,1
3025,40,2m1f,4,1
3027,40,2m1f,C,1
3030,40,2m1f,F,1
3037,40,2m4f,F,1
3041,40,2m5f,C,1
3055,41,1m2f 6yds,1,1
3066,41,1m4f 8yds,2,1
3087,41,2m1f 216yds,2,1
3094,41,2m1f 22yds,3,1
3102,41,5f,2,1
3130,42,1m1f,3,1
3131,42,1m1f,4,1
3150,42,1m3f,D,1
3154,42,1m6f 19yds,4,1
3173,42,6f,1,1
3185,42,7f,2,1
3190,42,7f,A,1
3205,43,1m1f,2,1
3207,43,1m1f,C,1
3218,43,1m4f 10yds,2,1
3223,43,1m4f 60yds,B,1
3233,43,2m,D,1
3242,43,6f,1,1
3261,44,1m,F,1
3263,44,1m1f 198yds,2,1
3268,44,1m1f 198yds,B,1
3274,44,1m4f,6,1
3278,44,1m4f,F,1
3290,44,5f,3,1
3297,44,6f,2,1
3305,44,6f 212yds,1,1
3320,45,1m 14yds,6,1
3330,45,1m1f,E,1
3343,45,1m6f,5,1
3347,45,2m,2,1
3363,45,2m4f,2,1
3372,45,2m4f 110yds,C,1
3382,45,2m6f,F,1
3387,45,2m 78yds,E,1
3388,45,3m,A,1
3391,45,3m 110yds,2,1
3409,45,7f 16yds,6,1
3412,46,2m 110yds,3,1
3416,46,2m 110yds,F,1
3431,46,2m5f,3,1
3433,46,2m5f,5,1
3435,46,2m5f,F,1
3447,46,3m3f 110yds,3,1
3454,47,1m,1,1
3467,47,1m2f,6,1
3495,47,1m6f,2,1
3521,47,2m1f,C,1
3534,47,2m4f 110yds,G,1
3535,47,2m5f 110yds,3,1
3543,47,3m 110yds,2,1
3572,47,6f,1,1
3611,48,2m3f,2,1
3626,48,2m6f,4,1
3642,48,3m3f,F,1
3648,49,2m 110yds,D,1
3661,49,2m3f,C,1
3664,49,2m3f 110yds,2,1
3676,49,3m 110yds,2,1
3680,49,3m 110yds,C,1
3685,49,3m3f,4,1
3686,50,1m,2,1
3691,50,1m2f,2,1
3692,50,1m2f,3,1
3716,50,2m5f,3,1
3728,50,3m1f 110yds,4,1
3729,50,3m1f 110yds,5,1
3735,50,6f,3,1
3762,51,2m,E,1
3807,52,2m3f 110yds,G,1
3825,52,3m 110yds,3,1
3832,53,2m,B,1
3855,53,2m5f,E,1
3860,53,2m6f 110yds,B,1
3866,53,3m,2,1
3873,53,3m 110yds,C,1
3877,54,1m 20yds,4,1
3879,54,1m 20yds,6,1
3880,54,1m 22yds,3,1
3889,54,1m 22yds,H,1
3890,54,1m2f 110yds,C,1
3891,54,1m2f 110yds,D,1
3899,54,1m2f 188yds,7,1
3904,54,1m2f 188yds,H,1
3905,54,1m4f 134yds,4,1
3908,54,1m4f 134yds,7,1
3914,54,1m4f 56yds,E,1
3916,54,1m6f 135yds,D,1
3918,54,1m6f 213yds,3,1
3924,54,1m6f 213yds,F,1
3925,54,1m6f 213yds,H,1
3926,54,1m7f 181yds,D,1
3927,54,1m7f 181yds,E,1
3928,54,1m7f 181yds,F,1
3929,54,1m7f 9yds,5,1
3930,54,2m,2,1
3934,54,2m,A,1
3935,54,2m,B,1
3940,54,2m,G,1
3955,54,2m3f,G,1
3958,54,2m4f 110yds,B,1
3959,54,2m4f 110yds,C,1
3960,54,2m4f 110yds,D,1
3963,54,2m5f,2,1
3966,54,2m5f,5,1
3969,54,2m5f,C,1
3976,54,3m1f,C,1
3979,54,3m2f,3,1
3982,54,3m2f,D,1
3983,54,3m2f,E,1
3988,54,5f,7,1
3989,54,5f,D,1
3995,54,5f 110yds,C,1
3998,54,5f 110yds,F,1
4003,54,6f,D,1
4004,54,6f 168yds,C,1
4006,54,6f 168yds,F,1
4008,54,6f 21yds,7,1
4009,54,6f 21yds,C,1
4012,54,6f 21yds,H,1
4019,54,7f 26yds,6,1
4020,54,7f 26yds,B,1
4025,55,2m,1,1
4037,55,2m 110yds,2,1
4044,55,2m4f,1,1
4050,55,2m4f 110yds,2,1
4053,55,2m4f 110yds,5,1
4073,55,2m7f 110yds,4,1
4083,55,3m1f,B,1
4084,55,3m1f,C,1
4088,55,3m2f,4,1
4089,55,3m2f,5,1
4095,56,2m,C,1
4099,56,2m4f,1,1
4149,57,1m 67yds,2,1
4159,57,2m,A,1
4160,57,2m,B,1
4165,57,2m4f,D,1
4167,57,3m 110yds,D,1
4169,57,3m1f 110yds,A,1
4184,57,6f,B,1
4203,58,1m1f 103yds,1,1
4256,58,2m4f 110yds,E,1
4267,58,5f 20yds,1,1
4305,59,2m,C,1
4313,59,2m2f,D,1
4314,59,2m2f,E,1
4315,59,2m2f,F,1
4316,59,2m4f,2,1
4330,59,2m7f 110yds,3,1
4332,59,2m7f 110yds,5,1
4342,59,3m,G,1
4349,60,1m,B,1
4353,60,1m2f,1,1
4361,60,1m2f,F,1
4380,60,2m 24yds,5,1
4385,60,5f,5,1
4388,60,5f,E,1
4407,61,1m1f,3,1
4428,61,1m3f 101yds,7,1
4432,61,1m 3yds,2,1
4441,61,1m 3yds,G,1
4447,61,1m6f 17yds,A,1
4451,61,2m,2,1
4455,61,2m,7,1
4459,61,2m2f 51yds,C,1
4466,61,5f 43yds,F,1
4491,62,1m,5,1
4494,62,1m 205yds,C,1
4502,62,1m 208yds,A,1
4514,62,1m2f 88yds,5,1
4519,62,1m2f 88yds,E,1
4530,62,1m3f 198yds,E,1
4543,62,1m5f 197yds,3,1
4549,62,1m5f 197yds,D,1
4550,62,1m5f 197yds,F,1
4553,62,1m6f,3,1
4555,62,1m6f,5,1
4559,62,2m2f,1,1
4562,62,2m4f,1,1
4563,62,2m4f,2,1
4564,62,2m4f,3,1
4565,62,2m4f,4,1
4566,62,2m4f,5,1
4567,62,2m6f,2,1
4582,62,5f 3yds,D,1
4584,62,5f 89yds,3,1
4585,62,5f 89yds,4,1
4600,62,6f 217yds,2,1
4601,62,6f 217yds,3,1
4603,62,6f 217yds,B,1
4605,62,6f 217yds,D,1
4606,62,6f 217yds,E,1
4619,62,7f 205yds,1,1
4620,62,7f 205yds,3,1
4674,205,2m1f 172yds,0,1
4727,208,2m,C,1
4730,208,2m1f,A,1
4809,214,3m,B,1
26,1,1m4f,NA,0
188,2,2m4f,NA,0
306,4,1m3f 144yds,NA,0
409,5,5f,NA,0
914,13,2m1f,NA,0
1091,14,7f,NA,0
1141,15,1m6f,NA,0
1612,22,1m2f 120yds,NA,0
2388,31,2m4f,NA,0
3482,47,1m3f,NA,0
3748,51,1m,NA,0
4048,55,2m4f,NA,0
4136,57,1m2f 7yds,NA,0
4536,62,1m4f,NA,0
4594,62,6f,NA,0
4624,201,1m1f,NA,0
4625,201,1m1f 110yds,NA,0
4626,201,1m4f,NA,0
4627,201,1m5f,NA,0
4628,201,1m6f,NA,0
4629,201,2m,NA,0
4630,201,2m 110yds,NA,0
4631,201,2m1f,NA,0
4632,201,2m2f 110yds,NA,0
4633,201,2m4f,NA,0
4634,201,2m6f,NA,0
4635,201,6f,NA,0
4636,202,1m,NA,0
4637,202,1m4f,NA,0
4638,202,1m4f 150yds,NA,0
4639,202,1m6f,NA,0
4640,202,2m1f,NA,0
4641,202,2m4f,NA,0
4642,202,3m,NA,0
4643,202,5f,NA,0
4644,203,1m2f,NA,0
4645,203,1m4f,NA,0
4646,203,2m,NA,0
4647,203,2m 100yds,NA,0
4648,203,2m 110yds,NA,0
4649,203,2m1f,NA,0
4650,203,2m2f,NA,0
4651,203,2m2f 200yds,NA,0
4652,203,2m4f,NA,0
4653,203,2m4f 120yds,NA,0
4654,203,2m6f,NA,0
4655,203,3m,NA,0
4656,204,1m,NA,0
4657,204,1m1f,NA,0
4658,204,1m2f,NA,0
4659,204,1m2f 110yds,NA,0
4660,204,1m3f,NA,0
4661,204,1m4f,NA,0
4662,204,1m6f,NA,0
4663,204,2m,NA,0
4664,204,5f,NA,0
4665,204,6f,NA,0
4666,204,6f 63yds,NA,0
4667,204,7f,NA,0
4668,205,1m3f,NA,0
4669,205,1m3f 208yds,NA,0
4670,205,1m3f 55yds,NA,0
4671,205,1m4f 110yds,NA,0
4672,205,1m5f,NA,0
4673,205,2m,NA,0
4675,205,2m1f 172yds,NA,0
4676,205,2m2f,NA,0
4677,205,2m2f 100yds,NA,0
4678,205,2m2f 110yds,NA,0
4679,205,2m2f 50yds,NA,0
4680,205,2m4f 110yds,NA,0
4681,205,2m5f 100yds,NA,0
4682,205,2m5f 110yds,NA,0
4683,205,2m6f,NA,0
4684,205,2m6f 110yds,NA,0
4685,205,2m7f,NA,0
4686,205,3m,NA,0
4687,206,1m2f,NA,0
4688,206,1m2f 100yds,NA,0
4689,206,1m4f,NA,0
4690,206,1m4f 190yds,NA,0
4691,206,1m4f 195yds,NA,0
4692,206,1m4f 196yds,NA,0
4693,206,1m4f 68yds,NA,0
4694,206,1m6f,NA,0
4695,206,2m,NA,0
4696,206,2m 100yds,NA,0
4697,206,2m2f,NA,0
4698,206,2m4f,NA,0
4699,206,2m6f,NA,0
4700,206,2m7f,NA,0
4701,206,3m,NA,0
4702,206,5f,NA,0
4703,206,7f,NA,0
4704,207,1m,NA,0
4705,207,1m1f,NA,0
4706,207,1m2f 150yds,NA,0
4707,207,1m4f,NA,0
4708,207,1m5f,NA,0
4709,207,1m6f,NA,0
4710,207,2m,NA,0
4711,207,2m 135yds,NA,0
4712,207,2m1f,NA,0
4713,207,2m3f,NA,0
4714,207,2m4f 153yds,NA,0
4715,207,3m,NA,0
4716,207,5f,NA,0
4717,207,6f,NA,0
4718,207,7f,NA,0
4719,207,7f 166yds,NA,0
4720,208,1m,NA,0
4721,208,1m1f,NA,0
4722,208,1m2f,NA,0
4723,208,1m4f,NA,0
4724,208,1m5f,NA,0
4725,208,1m5f 100yds,NA,0
4726,208,1m6f,NA,0
4728,208,2m,NA,0
4729,208,2m 100yds,NA,0
4731,208,2m1f,NA,0
4732,208,2m2f,NA,0
4733,208,2m2f 100yds,NA,0
4734,208,2m2f 110yds,NA,0
4735,208,2m4f,NA,0
4736,208,2m5f,NA,0
4737,208,2m5f 100yds,NA,0
4738,208,2m6f,NA,0
4739,208,2m6f 100yds,NA,0
4740,208,2m7f,NA,0
4741,208,2m7f 100yds,NA,0
4742,208,3m,NA,0
4743,208,3m1f,NA,0
4744,208,6f,NA,0
4745,208,7f,NA,0
4746,209,1m 100yds,NA,0
4747,209,1m4f,NA,0
4748,209,1m6f,NA,0
4749,209,2m,NA,0
4750,209,2m1f,NA,0
4751,209,2m2f,NA,0
4752,209,2m4f,NA,0
4753,209,2m5f 190yds,NA,0
4754,209,2m6f,NA,0
4755,209,3m,NA,0
4756,209,6f 50yds,NA,0
4757,209,7f,NA,0
4758,210,1m,NA,0
4759,210,1m1f,NA,0
4760,210,1m1f 100yds,NA,0
4761,210,1m1f 110yds,NA,0
4762,210,1m1f 130yds,NA,0
4763,210,1m4f,NA,0
4764,210,1m6f,NA,0
4765,210,2m,NA,0
4766,210,2m1f,NA,0
4767,210,2m2f,NA,0
4768,210,2m4f,NA,0
4769,210,3m,NA,0
4770,210,3m1f,NA,0
4771,210,7f,NA,0
4772,211,2m,NA,0
4773,211,2m2f,NA,0
4774,211,2m3f,NA,0
4775,211,2m3f 110yds,NA,0
4776,211,2m4f,NA,0
4777,211,2m6f,NA,0
4778,211,2m7f,NA,0
4779,211,3m,NA,0
4780,211,3m 140yds,NA,0
4781,211,3m1f,NA,0
4782,212,1m 100yds,NA,0
4783,212,1m3f,NA,0
4784,212,1m4f,NA,0
4785,212,1m6f,NA,0
4786,212,2m,NA,0
4787,212,2m1f,NA,0
4788,212,2m4f,NA,0
4789,212,2m4f 120yds,NA,0
4790,212,2m6f,NA,0
4791,213,1m,NA,0
4792,213,1m1f,NA,0
4793,213,1m2f,NA,0
4794,213,5f,NA,0
4795,213,6f,NA,0
4796,213,7f,NA,0
4797,214,1m,NA,0
4798,214,1m1f,NA,0
4799,214,1m2f,NA,0
4800,214,1m4f,NA,0
4801,214,1m5f,NA,0
4802,214,1m6f,NA,0
4803,214,2m,NA,0
4804,214,2m1f,NA,0
4805,214,2m2f,NA,0
4806,214,2m3f,NA,0
4807,214,2m4f,NA,0
4808,214,2m5f,NA,0
4810,214,3m,NA,0
4811,214,5f,NA,0
4812,214,6f,NA,0
4813,214,7f,NA,0
4814,215,1m,NA,0
4815,215,1m3f,NA,0
4816,215,1m3f 70yds,NA,0
4817,215,1m4f,NA,0
4818,215,1m4f 110yds,NA,0
4819,215,1m 50yds,NA,0
4820,215,2m,NA,0
4821,215,2m1f,NA,0
4822,215,2m2f,NA,0
4823,215,2m3f,NA,0
4824,215,2m3f 110yds,NA,0
4825,215,2m3f 120yds,NA,0
4826,215,2m4f,NA,0
4827,215,2m5f,NA,0
4828,215,2m6f,NA,0
4829,215,2m6f 110yds,NA,0
4830,215,3m,NA,0
4831,215,6f,NA,0
4832,215,6f 160yds,NA,0
4833,215,7f,NA,0
4834,215,7f 50yds,NA,0
4835,217,1m,NA,0
4836,217,1m1f,NA,0
4837,217,1m1f 180yds,NA,0
4838,217,1m2f,NA,0
4839,217,1m4f,NA,0
4840,217,1m6f,NA,0
4841,217,2m,NA,0
4842,217,2m1f,NA,0
4843,217,2m3f,NA,0
4844,217,2m4f,NA,0
4845,217,2m6f,NA,0
4846,217,3m,NA,0
4847,217,6f,NA,0
4848,217,6f 60yds,NA,0
4849,217,7f,NA,0
4850,218,1m,NA,0
4851,218,1m 100yds,NA,0
4852,218,1m 110yds,NA,0
4853,218,1m 150yds,NA,0
4854,218,1m 160yds,NA,0
4855,218,1m1f,NA,0
4856,218,1m2f,NA,0
4857,218,1m2f 50yds,NA,0
4858,218,1m4f,NA,0
4859,218,1m6f,NA,0
4860,218,2m,NA,0
4861,218,2m1f,NA,0
4862,218,2m2f,NA,0
4863,218,2m3f,NA,0
4864,218,2m3f 100yds,NA,0
4865,218,2m4f,NA,0
4866,218,2m5f,NA,0
4867,218,2m6f,NA,0
4868,218,3m,NA,0
4869,218,3m4f,NA,0
4870,218,5f,NA,0
4871,218,5f 110yds,NA,0
4872,218,6f,NA,0
4873,218,7f,NA,0
4874,218,7f 35yds,NA,0
4875,219,1m,NA,0
4876,219,1m2f,NA,0
4877,219,1m3f,NA,0
4878,219,1m4f,NA,0
4879,219,1m6f,NA,0
4880,219,2m,NA,0
4881,219,2m2f,NA,0
4882,219,2m3f,NA,0
4883,219,2m4f,NA,0
4884,219,3m,NA,0
4885,219,5f,NA,0
4886,219,6f,NA,0
4887,219,7f,NA,0
4888,220,1m,NA,0
4889,220,1m1f,NA,0
4890,220,1m2f,NA,0
4891,220,1m3f 60yds,NA,0
4892,220,1m4f,NA,0
4893,220,1m5f,NA,0
4894,220,1m6f,NA,0
4895,220,1m 75yds,NA,0
4896,220,2m,NA,0
4897,220,2m1f,NA,0
4898,220,2m1f 120yds,NA,0
4899,220,2m2f,NA,0
4900,220,2m4f,NA,0
4901,220,2m6f,NA,0
4902,220,2m7f,NA,0
4903,220,2m7f 100yds,NA,0
4904,220,2m7f 110yds,NA,0
4905,220,3m,NA,0
4906,220,5f,NA,0
4907,220,5f 182yds,NA,0
4908,220,7f 60yds,NA,0
4909,222,1m4f,NA,0
4910,222,2m,NA,0
4911,222,2m2f,NA,0
4912,222,2m4f,NA,0
4913,222,2m5f,NA,0
4914,222,2m6f,NA,0
4915,222,3m,NA,0
4916,222,3m1f,NA,0
4917,222,5f 110yds,NA,0
4918,222,7f 100yds,NA,0
4919,222,7f 110yds,NA,0
4920,223,1m2f,NA,0
4921,223,1m3f 100yds,NA,0
4922,223,1m3f 110yds,NA,0
4923,223,1m4f,NA,0
4924,223,2m,NA,0
4925,223,2m4f,NA,0
4926,223,2m4f 100yds,NA,0
4927,223,2m5f,NA,0
4928,223,3m,NA,0
4929,223,3m 100yds,NA,0
4930,223,7f,NA,0
4931,224,1m2f,NA,0
4932,224,1m2f 110yds,NA,0
4933,224,1m4f,NA,0
4934,224,1m6f,NA,0
4935,224,2m,NA,0
4936,224,2m1f,NA,0
4937,224,2m2f,NA,0
4938,224,2m4f,NA,0
4939,224,3m,NA,0
4940,224,6f 100yds,NA,0
4941,224,6f 110yds,NA,0
4942,224,6f 200yds,NA,0
4943,225,1m,NA,0
4944,225,1m4f,NA,0
4945,225,1m4f 110yds,NA,0
4946,225,1m6f,NA,0
4947,225,2m,NA,0
4948,225,2m1f,NA,0
4949,225,2m2f,NA,0
4950,225,2m2f 100yds,NA,0
4951,225,2m4f,NA,0
4952,225,2m5f 110yds,NA,0
4953,225,2m6f,NA,0
4954,225,2m6f 110yds,NA,0
4955,225,3m,NA,0
4956,226,1m1f,NA,0
4957,226,1m4f,NA,0
4958,226,1m4f 100yds,NA,0
4959,226,1m4f 110yds,NA,0
4960,226,1m6f,NA,0
4961,226,2m,NA,0
4962,226,2m 110yds,NA,0
4963,226,2m1f,NA,0
4964,226,2m2f,NA,0
4965,226,2m4f,NA,0
4966,226,2m5f,NA,0
4967,226,2m7f,NA,0
4968,226,3m,NA,0
4969,226,5f,NA,0
4970,226,7f,NA,0
4971,226,7f 100yds,NA,0
4972,226,7f 110yds,NA,0
4973,226,7f 30yds,NA,0
4974,228,1m1f,NA,0
4975,228,1m4f,NA,0
4976,228,1m6f,NA,0
4977,228,2m,NA,0
4978,228,2m4f,NA,0
4979,228,2m5f,NA,0
4980,228,2m5f 50yds,NA,0
4981,228,2m6f,NA,0
4982,228,3m,NA,0
4983,229,1m 100yds,NA,0
4984,229,1m 110yds,NA,0
4985,229,1m2f 150yds,NA,0
4986,229,1m3f 160yds,NA,0
4987,229,1m4f,NA,0
4988,229,1m4f 50yds,NA,0
4989,229,1m5f,NA,0
4990,229,1m6f,NA,0
4991,229,2m,NA,0
4992,229,2m1f,NA,0
4993,229,2m2f,NA,0
4994,229,2m3f,NA,0
4995,229,2m4f,NA,0
4996,229,2m6f,NA,0
4997,229,3m,NA,0
4998,229,3m1f,NA,0
